-2.65,1.28,44.96,-3.04,3.52,44.91,-2.42,5.12,44.86,-2.55,4.96,44.86,-3.29,3.07,44.91,-3.67,3.38,44.89,-2.18,3.93,44.91,-5.08,9.46,44.49,-2.14,1.75,44.97,-4.49,2.67,44.88,-4.09,4.70,44.83,-3.38,5.13,44.83,-3.85,4.70,44.84,-5.48,2.38,44.84,-5.53,3.86,44.80,-3.74,2.56,44.91,-2.80,1.28,44.96,-3.89,2.00,44.92,-4.17,3.11,44.88,-4.29,3.94,44.85,-2.87,3.87,44.90,-2.40,0.44,44.97,3.52,6.97,44.73,-5.30,4.78,44.78,-6.60,-4.29,44.73,-12.28,-7.70,44.07,-10.73,2.19,44.47,-11.75,10.73,43.87,-12.54,12.39,43.60,-24.55,3.19,42.24,-31.84,0.03,40.35,-26.89,0.80,41.73,-30.52,2.20,40.71,-34.75,5.81,39.19,-41.46,15.22,35.06,-49.07,17.95,30.03,-52.67,15.04,28.73,-53.11,11.87,29.42,-50.22,7.66,32.04,-48.81,6.37,32.99,-50.72,6.04,31.98
0.21,8.44,44.69,0.04,13.87,44.15,-0.26,6.38,44.82,-3.10,5.66,44.82,-0.71,7.00,44.78,-1.77,8.00,44.71,-2.32,8.92,44.63,-2.77,10.02,44.53,-5.94,11.99,44.21,1.93,4.19,44.91,-0.12,8.46,44.69,-2.63,5.19,44.85,-1.94,4.75,44.89,-3.90,6.10,44.77,-2.33,8.43,44.66,-3.88,7.29,44.70,-3.53,7.51,44.70,-5.15,9.27,44.50,-9.07,9.80,44.21,-14.17,8.35,43.79,-16.42,4.39,43.72,-19.62,6.02,43.11,-23.89,13.66,41.45,-30.57,16.19,39.17,-23.32,7.32,42.28,-26.53,2.97,41.77,-31.99,1.75,40.29,-37.50,7.16,38.08,-47.69,6.46,33.57,-51.36,14.19,29.87,-51.06,19.06,28.23,-55.01,12.13,28.08,-53.90,10.45,29.27,-52.78,10.78,29.91,-56.34,11.32,27.40,-52.42,16.36,28.41,-48.90,20.25,29.20,-49.04,21.63,28.46,-51.36,17.56,28.66,-52.16,12.39,29.88,-49.05,11.26,32.03
-4.55,6.88,44.70,-4.25,12.76,44.20,-0.01,18.78,43.43,-0.06,15.70,43.91,-1.44,13.35,44.21,-1.70,10.52,44.50,-3.15,13.01,44.21,-1.78,15.05,43.99,-8.96,20.85,42.66,4.35,10.75,44.41,-0.34,16.92,43.73,-1.06,12.69,44.29,-0.96,11.89,44.37,-2.15,12.15,44.33,1.48,12.47,44.31,-0.99,14.17,44.11,-4.26,10.60,44.43,-5.76,7.78,44.59,-7.23,4.14,44.69,-11.21,9.63,44.02,-7.94,14.19,43.82,-12.69,18.71,42.66,-26.70,5.40,41.62,-25.31,-3.42,42.05,-29.55,2.91,40.97,-36.15,5.12,38.75,-37.90,-1.37,38.26,-40.11,2.79,37.35,-41.26,2.72,36.88,-48.92,-0.21,33.31,-52.04,3.64,31.46,-52.16,5.89,31.17,-57.58,-1.84,28.15,-57.94,-2.40,27.89,-55.53,-1.32,29.49,-53.82,2.20,30.50,-53.62,10.29,29.49,-56.64,6.22,28.33,-56.30,3.46,28.88,-56.90,4.54,28.38,-56.35,2.05,28.94
0.82,7.84,44.73,-7.23,7.90,44.49,-6.10,9.94,44.40,-5.82,9.31,44.47,-8.78,6.17,44.49,-11.32,2.52,44.41,-9.55,4.80,44.50,-11.26,12.36,43.74,-8.83,3.26,44.61,-3.92,1.41,44.92,-10.23,3.13,44.50,-9.10,4.52,44.55,-9.41,4.05,44.54,-10.30,1.88,44.52,-8.21,0.35,44.70,-5.30,2.69,44.85,-7.60,5.38,44.62,-7.57,8.29,44.44,-6.26,8.29,44.52,-13.68,8.24,43.86,-19.36,-0.32,43.33,-25.95,-1.53,41.95,-29.30,-2.79,41.05,-32.48,-3.95,40.06,-29.63,-3.36,40.93,-32.59,-4.51,39.99,-33.47,-2.93,39.78,-38.51,0.42,38.04,-48.61,6.25,33.11,-51.58,5.43,31.56,-55.66,-0.71,29.42,-57.90,-1.95,27.94,-58.89,0.06,27.33,-55.56,3.95,29.31,-61.43,0.14,25.56,-61.00,2.31,25.78,-59.35,5.28,26.63,-57.82,3.26,27.90,-58.40,0.95,27.64,-57.93,7.22,27.29,-57.51,6.00,27.78
-4.19,7.56,44.67,-9.84,8.69,44.23,-9.37,10.13,44.15,-2.63,10.57,44.48,-3.23,10.44,44.47,-4.77,12.80,44.17,-4.64,13.47,44.10,-3.72,15.27,43.91,-9.77,11.64,43.97,-2.52,1.07,44.97,-10.48,0.33,44.52,-11.12,0.34,44.46,-10.55,0.75,44.51,-9.68,3.68,44.53,-9.24,5.14,44.51,-9.31,5.00,44.51,-8.76,6.42,44.48,-11.87,7.33,44.14,-13.61,8.76,43.83,-15.00,8.89,43.64,-17.71,10.57,43.07,-25.46,10.15,41.53,-36.19,2.83,38.85,-30.93,-2.64,40.58,-27.85,0.82,41.48,-32.73,3.38,40.00,-32.76,3.56,39.98,-43.05,5.50,35.92,-46.80,10.27,33.46,-49.87,11.75,31.45,-50.02,5.02,32.48,-50.06,3.29,32.60,-53.99,4.44,30.23,-60.24,0.87,26.39,-59.87,1.52,26.62,-60.91,5.55,25.48,-59.54,11.31,25.05,-57.28,7.72,27.63,-60.86,1.85,25.91,-61.86,6.09,24.68,-62.58,8.12,23.67
1.47,12.20,44.34,-0.18,18.97,43.40,-2.19,23.43,42.51,1.56,18.11,43.53,-3.76,13.33,44.15,-4.11,13.83,44.08,-4.33,14.95,43.93,-7.46,16.84,43.48,-12.44,15.98,43.13,-0.21,5.31,44.88,-3.97,8.70,44.60,-9.80,8.74,44.23,-7.09,9.54,44.37,-8.54,8.11,44.39,-9.54,7.17,44.37,-13.92,8.58,43.80,-16.82,8.60,43.39,-21.02,14.90,41.90,-20.35,16.27,41.82,-26.90,10.73,41.09,-26.42,3.36,41.78,-27.63,5.03,41.40,-30.69,5.49,40.52,-38.70,6.83,37.64,-47.28,12.48,32.75,-50.59,21.25,27.53,-53.88,22.55,24.12,-59.94,16.49,22.43,-64.90,13.79,19.34,-63.89,12.75,20.84,-62.71,9.78,23.06,-61.54,7.31,24.67,-63.27,5.15,23.78,-59.83,5.62,26.24,-63.91,8.85,22.39,-62.98,16.77,19.33,-57.13,21.28,21.97,-56.55,17.25,24.92,-61.01,12.42,23.48,-62.51,10.40,23.01,-59.28,7.72,26.24
-0.73,9.72,44.58,-10.46,13.07,43.74,-6.76,18.43,43.27,-2.13,19.46,43.29,-6.25,14.72,43.86,-9.67,12.91,43.84,-12.15,12.22,43.66,-12.84,16.37,43.03,-13.37,6.43,44.02,-6.95,5.34,44.66,-15.61,5.73,43.77,-12.16,4.71,44.25,-13.42,7.17,43.97,-12.77,8.40,43.96,-12.43,11.30,43.73,-15.92,13.76,42.98,-18.31,7.70,43.23,-26.31,10.49,41.27,-19.87,12.88,42.42,-18.97,11.20,42.78,-20.43,10.21,42.62,-27.23,10.23,41.06,-36.80,13.94,37.36,-54.10,19.03,25.98,-61.15,19.65,19.09,-62.52,16.97,19.66,-66.49,6.16,21.02,-68.33,1.00,20.24,-66.98,9.67,19.45,-64.01,13.92,20.12,-58.01,14.21,25.15,-62.55,9.21,23.38,-65.95,-3.85,21.90,-66.05,6.47,21.31,-59.73,15.68,23.05,-57.12,13.51,26.10,-60.46,11.57,24.25,-63.00,12.69,21.67,-62.78,10.75,22.67,-61.16,6.24,25.17,-62.68,10.14,22.97
1.13,9.34,44.61,0.06,7.06,44.78,-1.41,7.06,44.77,-2.49,6.61,44.78,-3.59,4.49,44.86,-7.12,4.29,44.70,-11.86,10.99,43.83,1.42,0.93,44.99,-2.57,4.64,44.88,-6.18,5.77,44.69,-7.44,2.65,44.73,-4.54,0.26,44.91,-3.10,3.47,44.91,-4.43,8.08,44.63,-9.03,8.96,44.28,-14.35,8.12,43.78,-19.74,14.51,42.22,-23.93,12.60,41.59,-23.93,6.25,42.23,-30.18,5.90,40.64,-32.13,3.66,40.18,-41.40,9.02,36.26,-45.21,5.50,34.91,-53.29,13.84,28.72,-57.83,19.36,22.62,-55.72,16.58,25.90,-61.74,12.99,22.62,-61.72,8.56,24.22,-59.36,7.33,26.26,-59.05,13.00,24.82,-55.97,17.06,25.48,-59.35,15.07,23.68,-62.57,9.59,23.24,-64.65,7.54,22.17,-63.18,11.36,22.09,-61.16,11.05,23.88,-62.55,8.20,23.67,-62.40,9.56,23.38,-59.22,12.94,24.71,-59.44,9.47,25.69,-60.49,8.61,25.14
-3.22,1.48,44.95,-2.55,8.75,44.64,-2.11,12.02,44.35,-3.76,9.29,44.56,-3.11,8.74,44.62,-4.00,7.11,44.71,-8.57,10.71,44.16,-8.44,2.74,44.65,4.49,2.03,44.89,-7.62,10.06,44.29,-15.34,5.38,43.82,-1.95,-0.05,44.98,-1.19,-1.98,44.98,0.98,10.16,44.54,-2.56,10.66,44.47,-5.49,11.00,44.33,-5.16,11.13,44.34,-9.78,14.62,43.61,-16.93,20.23,41.73,-28.55,15.12,39.99,-24.67,-4.56,42.15,-31.23,-3.97,40.44,-33.46,-4.35,39.72,-37.07,7.82,38.18,-47.14,19.30,30.73,-46.87,41.15,10.52,-57.74,32.16,2.30,-70.91,12.37,13.88,-66.65,4.75,21.19,-63.57,7.90,22.94,-64.30,9.03,22.01,-63.26,11.42,22.00,-61.47,13.65,22.55,-63.55,10.78,22.02,-65.98,5.67,21.54,-62.47,6.29,24.18,-62.09,9.61,23.62,-58.73,10.77,25.84,-59.63,8.09,25.91,-66.23,9.52,20.18,-63.39,5.84,23.57
-1.18,10.40,44.52,-3.90,13.78,44.09,-5.03,13.95,44.03,-4.62,11.13,44.36,-3.19,12.38,44.28,-5.42,11.70,44.26,-9.26,12.66,43.90,-7.25,9.71,44.35,-8.68,13.96,43.79,-2.71,10.34,44.50,-6.18,9.67,44.42,-5.98,8.54,44.52,-4.39,9.26,44.54,-3.73,9.54,44.54,-2.03,9.65,44.57,-3.30,10.21,44.49,-4.37,13.81,44.07,-8.16,20.02,42.89,-9.46,17.16,43.27,-15.20,20.76,41.91,-24.75,19.29,40.23,-27.16,2.12,41.64,-30.47,1.18,40.75,-33.26,2.41,39.87,-39.19,6.96,37.43,-42.71,5.06,36.11,-53.83,8.76,29.69,-55.40,18.17,25.39,-59.11,22.46,18.93,-58.88,21.43,20.08,-61.30,9.30,24.33,-62.10,5.47,24.61,-63.61,6.57,23.24,-62.68,5.39,24.19,-59.25,10.15,25.64,-56.95,17.48,24.47,-55.24,17.87,25.66,-54.52,15.28,27.35,-52.06,16.20,28.72,-54.99,12.95,27.84,-54.70,12.70,28.12
0.99,14.11,44.12,-1.91,15.35,43.94,0.21,13.72,44.17,-1.87,12.45,44.30,-3.28,10.09,44.51,-4.90,9.36,44.51,-3.91,8.35,44.63,-3.34,9.58,44.55,2.01,6.46,44.80,-3.82,7.45,44.69,-5.54,6.17,44.70,-4.93,5.09,44.78,-5.25,6.38,44.70,-6.56,8.70,44.48,-8.75,10.84,44.14,-10.27,13.54,43.70,-13.09,10.92,43.69,-15.72,11.58,43.27,-20.64,12.12,42.36,-21.83,9.61,42.40,-31.43,4.37,40.36,-30.63,0.82,40.71,-33.53,1.63,39.80,-36.84,2.39,38.63,-42.76,3.80,36.17,-52.01,8.80,30.80,-59.76,14.28,23.71,-64.62,11.74,20.67,-70.61,6.74,17.25,-64.75,6.55,22.34,-61.83,8.76,24.08,-64.96,11.98,20.24,-67.99,9.07,18.78,-65.68,6.39,21.63,-57.63,7.23,27.49,-55.95,10.76,27.83,-61.75,13.64,22.31,-60.09,11.14,24.68,-54.04,7.59,29.78,-57.63,5.13,27.83,-59.99,8.59,25.51
-10.22,1.53,44.53,-7.07,1.34,44.77,-2.61,6.75,44.77,-1.76,6.27,44.81,-5.02,6.13,44.72,-5.65,5.58,44.72,-7.59,3.28,44.70,-6.50,2.85,44.78,-0.19,-1.06,44.99,-5.00,3.17,44.85,-6.14,4.94,44.73,-6.26,4.68,44.73,-4.89,6.19,44.73,-4.61,6.36,44.73,-10.58,7.76,44.24,-19.86,5.91,43.07,-21.25,-0.68,42.98,-22.22,2.32,42.76,-26.79,6.13,41.55,-33.69,4.91,39.61,-37.24,1.50,38.51,-38.88,0.44,37.90,-47.24,0.47,34.17,-56.98,6.12,28.12,-57.56,16.11,24.66,-58.18,19.12,22.45,-59.08,12.72,24.90,-59.30,4.25,26.80,-65.31,0.31,22.67,-66.72,6.30,20.79,-60.74,12.53,23.65,-58.88,14.04,24.53,-56.54,13.89,26.40,-57.22,8.72,27.46,-61.91,6.54,24.55,-58.67,5.70,27.04,-58.39,10.01,26.31,-61.10,7.39,24.98,-60.05,6.87,25.86,-60.60,11.26,24.24,-59.36,10.51,25.45
1.52,9.36,44.61,-4.67,8.82,44.56,-5.55,7.25,44.63,-5.24,6.15,44.71,-6.67,7.12,44.58,-7.93,7.91,44.45,-11.37,6.94,44.21,-9.48,4.79,44.50,-6.75,4.82,44.70,-5.21,4.15,44.81,-6.17,5.07,44.72,-4.95,7.73,44.63,-4.78,8.03,44.62,-4.27,8.01,44.64,-4.94,7.31,44.66,-6.82,8.37,44.49,-9.32,11.41,44.03,-11.27,14.27,43.51,-12.79,13.79,43.40,-18.31,14.14,42.53,-27.19,14.41,40.50,-31.59,1.89,40.40,-29.51,-2.89,40.99,-37.10,3.32,38.50,-43.53,4.88,35.75,-45.97,15.03,32.82,-49.68,21.68,27.98,-62.72,15.73,20.28,-62.98,20.07,16.59,-60.23,18.55,20.87,-57.37,8.36,27.44,-60.06,3.48,26.35,-63.97,9.12,22.25,-60.81,10.57,24.32,-58.05,7.49,27.15,-60.68,13.17,23.44,-61.01,15.70,21.91,-58.81,11.36,25.59,-59.70,10.24,25.27,-60.17,8.83,25.32,-57.24,8.73,27.45
1.75,13.78,44.15,1.54,2.81,44.96,-2.11,2.90,44.94,-2.22,8.56,44.66,-4.08,7.97,44.65,-6.98,5.63,44.65,-10.08,6.91,44.34,-14.69,7.96,43.75,-4.63,1.26,44.90,-6.97,3.96,44.72,-10.12,5.71,44.40,-8.89,6.46,44.47,-8.80,6.67,44.46,-7.72,5.57,44.60,-8.74,6.35,44.48,-8.02,10.90,44.19,-8.14,14.08,43.82,-10.09,14.53,43.59,-14.57,12.56,43.32,-19.07,11.62,42.72,-23.99,10.09,41.88,-30.28,8.72,40.37,-31.92,5.22,40.16,-27.68,-3.64,41.45,-37.16,0.86,38.55,-41.04,2.47,36.98,-52.53,9.32,30.39,-56.06,18.78,24.52,-64.40,15.46,18.78,-64.81,12.97,19.88,-57.27,16.67,24.63,-60.15,11.04,24.68,-64.24,2.01,23.42,-63.68,6.54,23.20,-59.13,13.58,24.52,-56.96,15.92,25.23,-59.23,17.94,22.21,-64.10,14.23,19.85,-64.09,10.09,21.81,-65.05,6.74,22.05,-64.77,9.55,21.43
0.62,10.47,44.52,2.00,16.38,43.79,-3.01,14.64,44.01,-4.36,12.90,44.18,-3.60,15.19,43.92,-3.92,10.24,44.47,-7.17,3.60,44.72,-13.46,4.30,44.12,-6.78,-3.58,44.74,-12.36,1.31,44.32,-9.44,4.63,44.51,-6.50,8.70,44.48,-4.57,9.04,44.55,-6.02,6.77,44.64,-6.20,6.06,44.67,-8.88,11.04,44.11,-9.71,18.06,43.10,0.84,15.53,43.93,-20.33,18.26,41.47,-19.59,14.32,42.27,-24.92,17.11,40.62,-34.03,11.15,38.86,-35.44,-0.01,39.17,-38.56,5.04,37.85,-41.03,3.45,36.94,-49.32,9.80,32.18,-55.16,19.18,25.05,-64.92,21.07,12.66,-69.88,19.80,3.40,-56.68,29.18,14.20,-53.91,21.11,24.99,-57.63,8.38,27.26,-66.29,7.71,20.76,-66.68,11.85,18.70,-64.75,7.95,21.98,-63.29,9.18,22.80,-60.80,21.76,17.60,-57.79,23.92,19.09,-59.26,19.79,20.95,-63.10,16.05,19.71,-64.56,14.82,19.04
-3.00,6.38,44.78,-6.99,5.65,44.64,-1.94,10.33,44.51,0.59,16.20,43.84,-2.30,15.44,43.92,-5.79,12.53,44.16,-8.47,10.06,44.23,-14.27,8.65,43.75,-4.55,3.40,44.86,-8.61,10.95,44.14,-7.52,11.01,44.21,-6.35,7.07,44.60,-6.84,6.50,44.61,-9.69,10.11,44.13,-10.06,11.21,43.99,-14.41,12.46,43.36,-18.82,15.67,42.21,-15.84,15.33,42.77,-20.58,15.07,41.97,-27.83,19.64,39.28,-37.57,14.01,37.04,-39.97,-3.30,37.39,-43.66,-1.36,35.87,-43.06,4.54,35.99,-49.82,16.13,30.21,-55.51,23.19,22.14,-62.69,21.77,15.11,-63.63,18.17,17.55,-65.15,12.88,19.61,-64.46,10.00,21.54,-61.76,10.87,23.46,-62.24,11.99,22.62,-65.75,10.84,20.06,-65.27,11.43,20.23,-65.43,11.53,20.03,-63.21,15.53,19.93,-60.23,19.21,20.40,-62.15,15.49,20.97,-65.86,10.14,20.26,-64.81,7.31,22.10,-61.20,12.56,23.26
-2.48,11.05,44.44,-1.89,11.73,44.38,-3.10,6.12,44.79,0.09,4.41,44.92,-2.67,6.73,44.77,-0.73,8.82,44.66,-2.27,9.33,44.60,-3.39,7.88,44.68,-3.08,3.66,44.90,-4.72,4.57,44.81,-0.38,4.73,44.90,-1.71,2.10,44.97,-1.05,5.20,44.88,-0.60,6.75,44.80,-2.97,5.62,44.82,-5.17,5.42,44.75,-5.52,6.94,44.65,-6.13,8.21,44.54,-9.44,11.29,44.03,-6.70,11.88,44.18,-3.29,13.62,44.13,-8.59,14.94,43.67,-9.32,17.49,43.23,-17.28,13.42,42.81,-25.99,7.76,41.63,-25.08,7.43,41.88,-30.13,4.81,40.72,-29.13,4.48,41.02,-31.02,6.34,40.36,-45.85,7.92,34.32,-54.26,15.82,27.32,-63.67,19.48,16.29,-64.47,20.13,14.55,-68.55,13.76,15.53,-68.89,10.49,17.26,-66.09,12.45,18.94,-68.05,12.80,16.76,-69.68,9.87,16.80,-65.76,10.64,20.14,-63.11,15.57,20.00,-65.64,15.31,17.58
-4.67,8.69,44.57,-7.31,7.01,44.55,-3.81,14.17,44.05,-0.42,17.24,43.68,-5.33,12.31,44.20,-7.80,10.33,44.26,-2.64,5.71,44.83,-9.15,6.71,44.43,-3.40,1.85,44.93,-5.29,5.18,44.76,-6.67,6.85,44.60,-9.44,8.44,44.29,-7.79,7.38,44.49,-11.23,10.29,43.96,-6.80,10.41,44.32,-6.75,14.05,43.92,-12.84,15.73,43.12,-18.94,12.12,42.68,-20.88,15.69,41.81,-24.15,14.86,41.21,-23.96,7.93,42.09,-27.49,4.98,41.44,-33.20,9.90,39.31,-41.58,13.71,35.36,-51.56,17.38,28.60,-58.92,17.50,22.76,-61.20,17.76,20.45,-64.77,11.96,20.43,-63.41,7.86,23.08,-61.18,12.49,23.31,-60.25,13.87,23.48,-63.37,12.57,21.40,-64.15,15.33,19.12,-61.03,19.09,19.65,-58.76,18.59,22.25,-59.79,11.47,24.81,-63.86,11.54,21.43,-63.73,14.97,19.77,-64.91,13.15,19.69,-60.26,17.13,21.77,-57.59,22.51,20.56
-4.29,1.77,44.91,2.59,3.73,44.91,-1.58,4.65,44.89,-1.26,1.44,44.98,-1.00,0.01,45.00,-0.61,-2.29,44.98,-4.25,-0.64,44.92,-3.32,1.10,44.95,-2.24,5.51,44.85,5.79,6.53,44.66,2.24,10.12,44.53,-1.82,8.75,44.65,-6.18,6.09,44.67,-7.49,6.71,44.55,-14.55,12.25,43.36,-1.74,11.13,44.44,-22.18,10.48,42.24,-29.34,12.47,40.18,-22.06,-3.69,42.75,-21.84,-0.36,42.87,-12.04,5.58,44.22,-24.66,23.38,39.27,-43.76,33.96,24.60,-64.70,25.08,3.12,-66.77,22.91,3.63,-63.96,19.61,15.80,-61.66,15.56,21.39,-66.85,13.75,17.39,-71.35,10.66,14.62,-71.19,4.70,17.32,-68.91,2.18,19.69,-67.86,8.49,19.12,-64.56,18.49,16.16,-63.16,20.63,15.76,-61.14,21.69,17.24,-64.39,20.63,14.06,-66.11,17.82,14.86,-66.99,15.97,15.52,-66.61,18.68,13.21,-67.46,19.02,11.40,-65.33,19.66,13.88
-3.73,2.60,44.91,0.19,0.59,45.00,-3.99,-2.84,44.90,-1.75,-1.53,44.98,-4.05,1.93,44.91,-2.83,3.73,44.90,-3.95,5.50,44.80,-2.26,4.42,44.89,-5.12,-2.26,44.86,-8.88,-3.73,44.59,-12.69,-5.22,44.17,-13.19,-0.51,44.23,-7.03,5.14,44.67,-3.82,9.79,44.51,-8.10,9.87,44.28,-9.84,5.73,44.43,-14.13,0.74,44.12,-19.70,5.75,43.11,-21.96,12.20,42.08,-24.47,20.54,40.02,-21.70,13.54,41.96,-21.95,4.43,42.75,-18.58,8.53,43.11,-30.98,11.61,39.81,-45.23,15.08,33.21,-67.95,17.83,12.26,-71.63,18.35,0.83,-69.20,20.49,3.41,-65.51,19.83,13.40,-65.65,14.11,18.40,-71.06,7.28,16.63,-74.40,2.96,14.79,-69.06,6.21,18.81,-65.87,11.86,19.47,-63.24,20.62,15.68,-65.65,20.35,12.49,-63.87,17.64,17.72,-60.36,16.50,22.04,-63.97,14.31,19.93,-69.62,9.43,17.08,-67.48,10.64,18.55
5.67,5.64,44.72,5.85,9.64,44.44,3.83,7.61,44.68,1.68,5.58,44.85,2.77,6.62,44.77,3.52,7.50,44.70,0.18,7.17,44.77,-0.57,6.48,44.82,-2.59,2.38,44.95,-1.85,2.91,44.95,2.90,3.84,44.90,-21.20,1.00,42.99,-8.85,1.70,44.64,-3.15,5.39,44.83,-3.36,20.98,42.98,5.78,26.36,41.68,16.10,4.83,43.74,17.78,4.82,43.49,29.49,9.52,40.52,28.28,13.57,40.32,28.72,18.83,39.20,31.49,22.68,37.25,36.93,18.90,36.16,40.05,9.03,36.84,38.89,7.60,37.49,33.65,9.30,39.23,33.85,6.17,39.47,30.26,11.34,40.07,29.68,15.64,39.55,26.51,13.38,40.84,26.61,9.52,41.30,26.11,8.93,41.49,29.02,10.69,40.52,28.99,12.62,40.27,28.81,13.08,40.25,25.97,11.04,41.29,26.24,9.17,41.43,24.25,13.46,41.40,19.48,8.98,42.92,10.89,12.98,43.71,8.10,12.84,43.97
-3.22,11.77,44.34,-4.10,10.66,44.43,-3.14,12.32,44.29,-1.44,13.41,44.20,-5.11,12.30,44.22,-6.97,6.66,44.59,-7.25,6.36,44.59,-8.60,13.57,43.85,-8.20,15.79,43.58,-13.90,12.28,43.44,-22.31,7.88,42.46,-17.52,7.98,43.33,-15.04,6.97,43.77,-19.25,11.60,42.69,-11.99,13.57,43.52,-1.35,15.77,43.89,-9.20,23.62,42.06,18.96,14.99,42.29,20.99,11.65,42.35,43.78,21.69,31.81,28.33,15.82,39.93,32.06,9.29,39.76,40.21,3.27,37.29,44.17,6.24,35.34,42.41,11.17,35.47,32.62,5.60,39.92,35.31,2.48,39.18,32.01,4.18,40.19,22.85,3.54,42.60,19.18,3.48,43.31,21.42,2.77,42.91,26.39,4.20,41.76,27.41,7.86,41.25,29.50,8.96,40.57,30.52,8.25,40.35,31.58,4.76,40.29,29.14,3.24,41.07,28.91,5.58,41.02,28.24,9.68,40.85,26.35,9.88,41.33,24.52,8.59,41.91
-9.66,14.75,43.60,-10.73,11.04,43.94,-7.66,14.40,43.81,-10.41,11.69,43.90,-12.22,10.51,43.84,-10.09,12.77,43.81,-11.33,13.76,43.57,-9.11,21.19,42.58,-14.08,17.29,42.72,-12.58,17.28,42.91,-14.89,12.93,43.23,-18.43,12.21,42.76,-20.43,11.87,42.44,-23.72,11.78,41.75,-16.76,12.39,43.02,-15.82,12.43,43.16,-6.44,13.96,43.95,-7.26,13.68,43.93,-1.76,12.93,44.25,20.59,2.51,43.08,26.77,10.88,41.11,27.11,10.17,41.10,32.58,14.38,38.84,32.44,9.50,39.61,33.14,7.53,39.59,36.47,8.91,38.28,39.62,13.86,36.21,32.61,10.67,39.41,31.00,7.41,40.28,29.61,8.01,40.63,23.23,9.16,42.15,24.38,9.85,41.82,22.85,7.84,42.34,22.94,8.21,42.30,26.18,8.62,41.50,28.44,10.53,40.70,28.54,15.03,40.01,25.71,10.54,41.42,20.79,10.78,42.49,15.84,10.25,43.39,20.65,10.30,42.57
-13.30,3.95,44.15,-17.23,4.54,43.59,-14.77,7.58,43.77,-14.90,7.39,43.76,-16.48,4.61,43.70,-16.76,5.23,43.63,-16.32,7.46,43.56,-14.46,7.10,43.84,-13.34,12.56,43.48,-20.33,6.87,42.92,-18.64,5.12,43.33,-27.50,9.67,41.05,-26.61,8.92,41.37,-25.34,3.94,42.02,-23.25,5.02,42.45,-21.90,8.68,42.47,-0.69,12.97,44.26,-7.34,7.87,44.49,0.43,-4.56,44.91,20.07,1.32,43.20,18.60,8.59,43.11,25.90,9.80,41.45,28.36,10.28,40.75,36.18,5.52,38.71,31.02,3.37,40.53,30.17,5.21,40.69,37.72,4.23,38.22,40.93,12.31,35.93,39.24,16.16,35.86,33.15,11.51,39.11,24.82,9.38,41.76,25.20,4.81,42.02,25.25,5.49,41.97,29.07,10.32,40.55,28.76,10.93,40.56,28.33,9.25,40.87,31.02,8.60,40.16,29.40,5.98,40.86,28.93,9.34,40.70,27.14,10.42,41.07,22.31,10.10,42.25
-11.43,2.11,44.41,-17.95,1.80,43.56,-14.67,4.83,43.94,-12.92,6.83,44.05,-12.32,5.35,44.20,-11.42,6.09,44.26,-8.24,7.53,44.45,-11.18,9.69,44.02,-11.83,5.36,44.25,-13.34,9.00,43.84,-9.61,8.01,44.31,-8.60,6.24,44.50,-13.38,7.96,43.92,-10.31,8.05,44.24,-11.38,9.38,44.03,-12.57,6.97,44.08,-11.93,8.93,44.01,-14.84,9.01,43.65,-19.81,7.65,42.97,-25.19,5.33,41.99,-23.14,6.42,42.39,-21.53,5.33,42.79,-15.18,6.28,43.80,-12.80,5.47,44.14,-1.80,1.76,44.97,37.21,-5.52,38.33,34.06,3.70,39.55,27.47,0.12,41.58,24.79,3.82,42.16,37.30,2.59,38.46,39.18,10.49,37.00,40.33,7.57,36.90,36.86,3.10,38.60,35.13,5.52,39.08,34.48,9.31,38.95,34.17,8.81,39.11,30.22,6.27,40.60,25.47,6.54,41.85,26.21,3.60,41.83,26.86,3.21,41.68,26.39,4.92,41.72
-7.47,4.96,44.65,-9.69,6.19,44.42,-10.81,4.41,44.40,-9.56,3.17,44.55,-7.36,4.44,44.68,-6.87,4.07,44.72,-8.33,3.20,44.65,-9.10,3.75,44.57,-3.73,8.54,44.62,-10.32,2.81,44.50,-11.33,4.78,44.33,-9.51,2.19,44.58,-10.23,4.31,44.46,-14.06,3.96,44.06,-14.32,1.07,44.09,-14.93,2.07,44.00,-14.80,4.49,43.94,-14.96,2.96,43.97,-11.81,4.65,44.29,-9.43,3.45,44.56,-10.25,-1.66,44.53,1.13,0.36,44.99,1.26,-0.35,44.99,6.51,-7.42,44.57,17.21,-5.74,43.53,22.53,5.19,42.59,24.96,3.60,42.13,26.36,5.60,41.69,30.41,8.89,40.31,35.96,4.87,38.83,34.77,4.59,39.27,33.98,8.73,39.19,34.47,11.47,38.66,35.96,12.81,37.90,33.03,10.37,39.31,23.85,4.73,42.33,22.31,1.99,42.75,25.96,5.66,41.79,27.13,6.96,41.40,25.03,7.44,41.89,25.97,6.22,41.75
-2.30,-4.27,44.90,-3.34,-2.87,44.92,-0.83,0.52,45.00,-0.90,0.74,44.99,-2.83,-1.32,44.96,-4.37,-1.66,44.90,-0.23,-0.62,45.00,0.21,4.28,44.92,-6.09,-0.31,44.84,-5.30,2.81,44.84,-7.44,-0.55,44.76,-10.51,1.09,44.51,-11.94,0.30,44.37,-10.86,1.35,44.47,-7.07,1.46,44.77,-12.15,6.51,44.16,-13.00,2.30,44.23,-12.08,-1.00,44.35,-11.17,0.85,44.45,-6.04,-1.35,44.83,16.17,-10.85,43.28,17.15,1.61,43.69,19.83,6.08,43.07,32.25,0.90,40.22,35.51,2.43,39.11,30.22,-2.90,40.78,29.78,-2.87,40.91,34.23,3.71,39.50,39.48,12.01,36.62,41.66,13.44,35.38,33.00,13.43,38.86,31.03,9.43,40.07,32.80,5.68,39.85,34.74,7.23,39.08,33.09,10.72,39.24,31.27,10.38,39.88,28.95,4.53,41.07,27.57,1.79,41.54,27.27,4.67,41.51,29.78,8.83,40.51,30.98,6.84,40.33
-3.61,4.21,44.87,-6.27,1.70,44.82,-5.00,2.50,44.86,-5.17,4.30,44.80,-4.19,4.86,44.82,-6.59,3.63,44.75,-5.57,2.85,44.83,-2.77,5.78,44.82,-7.04,4.81,44.68,-8.16,6.30,44.53,-9.52,2.80,44.57,-11.58,4.08,44.34,-10.43,6.20,44.35,-17.04,7.51,43.44,-16.05,5.46,43.72,-14.79,1.17,44.03,-10.15,3.44,44.50,-5.58,7.36,44.62,-7.06,10.47,44.29,-3.85,4.83,44.83,3.08,-2.18,44.94,2.60,-0.98,44.97,13.90,-6.86,43.93,14.71,4.43,43.95,21.54,4.85,42.81,32.46,-0.88,40.15,33.65,7.84,39.39,36.02,8.66,38.47,36.81,4.63,38.54,38.43,3.38,38.00,35.53,5.66,38.93,33.86,10.95,38.95,33.76,11.14,38.96,31.61,8.78,39.96,28.64,6.47,41.04,23.78,6.07,42.27,24.50,7.00,42.04,27.61,8.27,41.16,28.07,6.53,41.19,27.24,8.12,41.28,27.35,9.94,41.06
-2.23,4.78,44.88,-2.94,7.04,44.74,-6.22,7.92,44.55,-6.40,2.06,44.80,-9.06,0.01,44.64,-9.75,-0.22,44.58,-6.84,1.19,44.79,-7.07,5.52,44.65,-8.80,13.49,43.84,-7.40,1.78,44.75,-10.68,1.64,44.49,-14.34,3.77,44.03,-11.41,4.66,44.33,-17.16,5.90,43.53,-13.14,0.86,44.24,-10.11,-1.39,44.54,-7.02,0.02,44.78,-4.70,2.16,44.88,-4.58,-2.43,44.88,1.14,-7.36,44.76,15.32,-8.44,43.63,19.62,12.83,42.47,18.84,6.84,43.20,35.56,-9.24,38.57,35.73,-1.68,39.05,28.41,3.01,41.28,30.54,-2.26,40.71,40.02,2.17,37.41,44.93,12.05,34.08,38.31,21.56,34.73,33.97,22.13,36.46,27.47,10.55,40.96,22.57,4.20,42.63,19.75,5.08,43.14,21.41,4.93,42.83,25.61,4.51,41.93,29.35,2.55,41.04,29.00,4.68,41.05,29.11,7.30,40.84,31.38,7.94,40.11,31.86,8.06,39.95
-7.59,0.57,44.75,-7.76,0.42,44.74,-8.59,3.43,44.62,-3.87,4.85,44.83,-6.64,3.33,44.76,-5.91,0.90,44.84,-7.43,3.70,44.70,-3.32,3.43,44.90,0.03,11.67,44.40,-9.65,4.36,44.51,-7.38,2.82,44.73,-13.33,3.89,44.15,-14.25,7.14,43.87,-17.77,7.05,43.36,-19.10,3.56,43.32,-17.86,3.80,43.52,-13.89,7.02,43.92,-13.43,7.51,43.94,-11.55,3.00,44.37,-4.46,2.47,44.89,6.60,2.58,44.78,19.58,-2.68,43.26,26.27,4.43,41.78,29.18,9.50,40.61,33.89,4.77,39.55,36.27,9.48,38.28,40.56,8.16,36.73,41.19,10.14,36.19,35.46,12.31,38.17,38.16,13.18,36.96,33.20,14.19,38.66,24.98,7.00,41.93,18.82,3.10,43.38,20.60,8.71,42.73,27.82,13.15,40.52,31.41,15.64,39.00,32.00,12.99,39.27,28.01,8.58,41.03,27.85,7.72,41.15,29.62,9.56,40.48,27.59,8.97,41.10
-8.98,-2.20,44.62,-9.40,4.89,44.51,-8.79,5.48,44.53,-7.74,5.11,44.62,-6.55,3.73,44.75,-5.91,-1.52,44.84,-6.70,3.31,44.76,-3.97,9.00,44.57,-7.40,12.97,44.01,-6.38,8.30,44.52,-8.22,5.93,44.55,-13.96,7.10,43.91,-13.30,6.44,44.03,-12.71,-0.06,44.29,-13.34,0.99,44.21,-9.23,0.99,44.62,-6.20,1.24,44.83,-3.63,3.42,44.89,2.13,-2.59,44.95,9.27,-1.75,44.61,12.05,2.37,44.34,22.56,-10.74,42.13,22.47,-5.71,42.57,26.49,-0.33,41.83,27.33,-0.73,41.61,31.16,-0.51,40.55,31.03,1.10,40.59,31.74,1.97,40.36,36.78,3.99,38.59,40.81,9.19,36.50,37.05,13.17,37.41,36.32,5.84,38.63,32.62,-2.03,40.08,28.03,-4.30,41.33,26.85,-1.05,41.73,23.90,-3.20,42.38,27.06,-5.88,41.50,31.19,-1.82,40.52,33.59,0.31,39.80,32.84,4.49,39.91,29.19,4.44,41.01
-3.46,1.94,44.93,-6.35,5.25,44.70,-7.46,5.01,44.65,-10.18,0.44,44.54,-8.85,-0.38,44.66,-7.36,1.60,44.75,-5.52,3.74,44.80,-5.66,6.53,44.67,-1.33,6.09,44.83,-7.60,-1.01,44.74,-11.12,6.20,44.28,-12.61,2.25,44.28,-13.47,9.97,43.74,-15.72,2.25,43.88,-13.12,-2.16,44.22,-8.60,2.45,44.65,-7.78,4.17,44.66,-0.66,2.42,44.97,-4.63,1.80,44.89,-2.11,-7.28,44.75,2.55,-6.97,44.76,9.90,-8.74,44.23,20.97,-7.31,42.77,18.90,0.30,43.41,19.58,2.80,43.26,28.94,-0.05,41.19,33.57,-3.75,39.71,35.05,4.62,39.17,30.59,0.91,40.72,34.70,4.07,39.32,46.14,10.89,33.69,48.10,16.27,31.22,42.06,5.91,36.33,26.60,-7.44,41.50,19.67,-17.30,41.78,21.69,-12.23,42.14,28.01,-5.87,41.25,33.35,-3.36,39.80,30.42,-0.61,40.77,31.35,1.15,40.49,32.31,3.47,40.13
-5.54,1.89,44.85,-11.14,-0.38,44.45,-11.28,-0.91,44.44,-9.33,1.68,44.61,-6.88,3.51,44.74,-5.18,6.90,44.67,-8.82,4.97,44.55,-7.82,8.30,44.42,-10.34,4.77,44.43,-11.66,5.28,44.28,-16.46,5.28,43.67,-15.36,1.47,43.95,-12.43,-1.35,44.31,-5.31,5.94,44.72,-5.38,9.23,44.50,-10.62,6.37,44.32,-10.00,-2.41,44.54,-7.45,-5.78,44.61,-8.53,0.51,44.68,-5.79,-0.99,44.85,3.08,-4.78,44.86,7.60,-5.71,44.60,8.89,-12.09,44.00,12.20,-14.66,43.35,19.83,-6.50,43.04,31.87,2.12,40.31,34.94,0.79,39.34,36.67,4.82,38.58,35.52,6.68,38.85,35.13,1.33,39.27,41.92,4.18,36.52,45.59,14.11,33.26,39.86,11.08,36.62,31.63,-4.58,40.29,16.96,-12.99,42.92,15.88,-11.32,43.28,21.21,-7.85,42.68,28.24,-3.10,41.33,30.54,-0.07,40.74,31.88,3.96,40.24,34.59,4.15,39.35
-10.76,2.83,44.46,-16.00,0.08,43.87,-12.58,2.10,44.28,-11.85,2.25,44.36,-13.16,-1.30,44.23,-11.61,0.60,44.41,-11.03,1.54,44.46,-4.46,6.32,44.74,-7.82,6.86,44.52,-9.44,3.48,44.56,-9.18,3.97,44.56,-9.90,6.62,44.37,-15.66,4.86,43.81,-10.58,2.77,44.47,-7.84,4.67,44.63,-5.87,4.59,44.76,-6.66,4.62,44.71,-4.71,0.77,44.90,-5.70,-7.10,44.64,1.24,-6.89,44.79,6.92,-3.94,44.72,13.18,-4.45,44.14,20.49,-8.24,42.79,25.61,-2.75,42.00,29.18,-0.59,41.12,29.75,-0.23,40.96,31.00,0.95,40.60,32.81,8.75,39.58,38.48,12.85,36.89,41.70,12.86,35.48,34.79,12.98,38.31,24.15,-1.51,42.37,18.24,-13.91,42.58,17.12,-9.89,43.23,20.75,-2.30,43.05,24.65,2.19,42.24,26.27,4.60,41.77,30.13,7.58,40.52,27.75,9.76,40.98,26.24,11.33,41.19,28.43,8.89,40.88
-0.28,3.81,44.94,-3.20,4.24,44.88,-0.42,4.78,44.90,-1.49,3.35,44.94,-1.18,1.57,44.98,-2.64,1.36,44.96,-2.79,1.19,44.96,5.61,7.95,44.58,-4.76,5.48,44.77,-10.64,11.14,43.94,-8.31,6.41,44.51,-8.82,2.49,44.63,-7.65,3.44,44.69,-8.74,2.71,44.63,-9.50,0.65,44.60,-8.91,-1.04,44.65,-5.78,-0.26,44.85,-2.42,-0.50,44.97,3.03,1.98,44.94,4.58,0.56,44.91,11.51,-3.84,44.35,19.14,-5.17,43.24,19.22,-2.80,43.32,20.59,-0.95,43.11,24.00,4.20,42.32,30.26,5.34,40.65,32.45,4.08,40.06,32.63,1.56,40.09,36.32,2.07,38.83,36.00,4.71,38.83,39.06,2.48,37.78,34.96,0.34,39.33,29.04,-3.95,41.07,22.80,-8.58,42.29,20.91,-3.54,42.99,26.04,1.54,41.93,29.43,3.79,40.97,30.39,3.78,40.70,31.81,4.10,40.26,32.36,5.22,40.02,31.65,5.37,40.24
-8.17,-2.10,44.69,-10.92,-4.29,44.39,-14.72,-4.60,43.95,-12.27,-3.46,44.28,-11.66,-0.71,44.40,-11.90,1.09,44.37,-12.16,1.10,44.34,-8.49,1.48,44.67,-3.33,10.35,44.48,-9.94,5.38,44.44,-8.94,5.03,44.54,-10.88,2.34,44.46,-10.80,2.08,44.47,-10.99,2.37,44.44,-10.89,0.91,44.48,-11.74,1.65,44.38,-12.96,0.81,44.26,-14.40,2.59,44.05,-11.09,4.34,44.37,-15.07,2.22,43.97,-12.81,-0.74,44.28,-8.78,-1.25,44.66,-1.98,2.05,44.96,2.32,-0.04,44.98,11.96,-4.92,44.26,14.45,-3.69,44.02,22.64,-0.03,42.70,24.40,4.22,42.23,28.96,5.68,41.00,33.94,5.61,39.48,39.00,6.77,37.53,38.15,11.96,37.18,36.61,14.56,37.32,32.75,8.79,39.59,28.81,3.24,41.17,25.88,0.37,41.98,25.15,-1.70,42.14,25.62,-0.54,42.04,26.04,0.75,41.94,24.64,3.72,42.20,27.36,5.60,41.44
-8.41,1.37,44.68,-9.77,1.80,44.57,-9.04,0.62,44.64,-8.08,0.55,44.71,-5.77,3.12,44.81,-4.35,4.62,44.82,-8.25,3.10,44.66,-8.10,0.72,44.71,-7.16,5.42,44.65,-13.75,4.70,44.06,-11.27,5.53,44.30,-18.38,4.86,43.39,-16.85,1.24,43.74,-18.39,5.31,43.36,-17.89,4.25,43.49,-15.82,2.59,43.86,-16.45,2.06,43.78,-14.03,-0.13,44.13,-1.23,2.66,44.96,4.42,3.23,44.87,5.14,1.60,44.87,19.70,-6.93,43.04,30.65,-2.42,40.67,32.37,5.53,40.00,28.97,10.19,40.59,32.15,9.19,39.74,37.88,8.45,37.79,38.04,20.23,35.29,37.35,27.42,32.94,31.75,22.41,37.24,22.59,3.03,42.67,15.41,-3.32,43.90,15.24,1.65,43.96,19.95,6.50,43.02,24.80,9.98,41.70,27.49,12.68,40.68,28.29,13.70,40.30,26.00,13.71,40.92,24.38,11.63,41.61,22.48,8.13,42.40,22.83,5.90,42.49
-11.66,3.28,44.35,-12.06,-0.24,44.36,-12.73,1.54,44.28,-12.92,1.36,44.26,-10.48,3.19,44.47,-13.41,-2.56,44.18,-11.81,8.34,44.07,-6.59,13.79,43.96,-10.37,10.24,44.05,-10.35,11.48,43.93,-17.77,8.90,43.22,-17.58,2.07,43.61,-15.91,4.84,43.77,-15.76,7.86,43.61,-16.00,7.78,43.58,-15.50,4.76,43.83,-10.05,-1.35,44.55,-4.99,-0.54,44.89,-3.08,-0.70,44.96,14.95,-15.02,42.95,15.06,0.29,44.00,21.67,5.07,42.77,28.66,2.62,41.23,34.21,1.98,39.57,36.43,-0.03,38.82,36.62,8.39,38.28,41.22,13.18,35.63,43.34,19.79,32.77,26.42,9.74,41.33,17.79,-12.03,42.89,16.48,-12.84,43.01,21.60,-2.63,42.88,28.02,4.53,41.32,31.09,7.79,40.22,28.89,9.41,40.70,27.81,10.41,40.89,28.31,9.07,40.90,27.44,5.29,41.43,25.36,-0.64,42.10,22.56,-3.10,42.67,23.27,-1.42,42.56
-10.18,1.16,44.54,-7.70,4.16,44.66,-5.70,8.83,44.51,-6.83,6.35,44.62,-8.45,4.30,44.60,-9.80,4.19,44.50,-8.86,5.70,44.51,-8.39,8.53,44.37,-3.51,12.22,44.29,-12.86,7.50,44.01,-14.62,12.88,43.28,-11.02,4.24,44.39,-13.05,6.10,44.08,-15.82,3.97,43.82,-15.81,4.08,43.82,-14.63,7.94,43.76,-13.83,3.19,44.11,-11.57,1.27,44.40,-8.16,-2.11,44.69,1.38,-5.92,44.84,14.48,-0.42,44.07,24.65,5.59,42.10,29.83,10.60,40.29,34.98,5.73,39.12,33.09,5.85,39.75,36.47,-1.18,38.80,39.27,4.43,37.61,39.79,14.33,36.03,40.43,24.80,32.42,33.39,13.46,38.72,18.53,-6.93,43.24,13.53,-7.14,43.96,19.40,-3.53,43.27,26.91,1.51,41.71,31.67,7.02,40.11,31.18,8.27,40.14,30.01,5.91,40.69,29.49,6.84,40.77,29.08,8.20,40.77,24.81,3.90,42.15,26.30,2.19,41.85
-6.31,-0.02,44.83,-8.74,4.79,44.56,-6.77,3.46,44.75,-8.03,1.46,44.71,-7.20,1.40,44.76,-6.14,2.98,44.80,-4.95,2.03,44.87,4.52,8.60,44.59,-6.50,3.82,44.75,-18.29,8.42,43.17,-14.53,6.08,43.90,-14.55,1.73,44.05,-14.78,2.30,44.01,-18.40,1.32,43.49,-18.00,0.46,43.56,-9.34,-3.19,44.57,-10.32,-2.70,44.50,-9.10,-1.30,44.63,-4.61,-8.43,44.59,7.87,-9.72,44.31,13.27,-2.49,44.20,18.78,-1.02,43.43,28.33,1.69,41.34,31.49,0.43,40.45,33.27,3.78,39.81,34.97,2.38,39.30,38.04,4.72,38.07,41.19,11.25,36.01,40.08,14.44,35.88,34.45,9.88,38.89,26.13,1.03,41.91,20.12,-4.26,43.11,21.93,-1.21,42.84,29.03,6.31,40.94,30.26,8.88,40.36,27.99,7.33,41.15,30.48,7.61,40.42,29.80,9.76,40.40,27.50,9.15,41.11,28.17,5.86,41.21,26.35,4.88,41.74
-2.84,-0.58,44.96,-2.25,-0.89,44.97,-2.44,-1.29,44.97,-3.25,-1.00,44.95,-2.54,-0.62,44.97,-7.05,-4.24,44.70,-2.61,-0.35,44.97,-4.12,0.53,44.92,-4.08,-2.51,44.90,-5.61,-1.76,44.85,-5.30,-2.21,44.86,-4.08,-7.64,44.67,-5.92,-9.62,44.44,-5.12,-6.41,44.70,-2.73,3.01,44.93,-4.40,12.46,44.23,-6.49,15.86,43.69,-11.33,15.63,43.31,-14.12,18.51,42.50,-12.77,33.29,38.88,-6.28,53.73,30.17,2.70,69.71,18.96,7.30,76.35,11.25,2.84,80.91,8.54,174.78,95.84,-2.62,177.15,99.58,-9.02,174.14,102.14,-10.42,175.37,103.53,-12.39,177.00,102.51,-11.87,178.43,99.31,-9.05,176.87,97.01,-6.23,176.83,94.97,-3.81,178.54,91.49,-0.32,1.52,87.13,2.43,0.00,85.10,4.89,2.77,80.39,9.08,-1.57,76.53,13.03,-0.01,70.04,18.85,1.89,64.51,23.22,1.34,58.21,27.76,0.53,53.62,30.67
-2.02,-9.36,44.60,-3.82,-7.03,44.72,-4.65,-0.73,44.90,-2.85,0.31,44.96,-4.30,-3.02,44.88,-4.81,-4.72,44.80,-0.48,-7.53,44.75,-8.19,-3.06,44.66,-5.14,-10.62,44.39,-8.71,-8.67,44.33,-8.26,-7.34,44.46,-8.25,-9.78,44.27,-8.17,-13.42,43.90,-10.07,-14.41,43.61,-9.50,-9.11,44.23,-9.69,-3.31,44.54,-6.31,6.53,44.64,-9.49,13.57,43.77,-9.13,18.75,43.03,-6.62,30.92,40.37,-2.77,48.38,33.52,-0.42,72.58,16.66,5.72,77.99,10.36,5.82,80.56,7.35,4.21,85.72,0.76,179.87,97.87,-7.79,179.07,99.12,-8.96,177.89,101.98,-11.54,178.38,106.96,-16.19,176.70,109.22,-17.96,176.13,105.57,-14.57,176.89,102.59,-11.92,178.57,100.73,-10.46,177.56,98.19,-7.74,174.99,95.58,-2.43,5.63,83.87,2.41,-1.26,84.83,4.99,-3.31,81.08,8.19,-1.19,79.11,10.63,4.48,75.38,13.50,3.18,70.46,18.25
0.00,1.07,44.99,-2.52,3.31,44.92,-5.96,-0.14,44.84,-5.30,-2.35,44.85,-5.91,-2.71,44.81,-4.56,0.53,44.91,-3.51,6.19,44.78,-3.80,0.44,44.94,-7.25,0.57,44.77,-8.50,-2.16,44.66,-8.14,-3.63,44.65,-7.15,-4.55,44.68,-6.77,-5.86,44.65,-7.69,-5.92,44.59,-8.97,-4.77,44.55,-6.53,3.64,44.75,-6.44,14.77,43.84,-3.76,26.39,41.78,-3.05,38.19,38.10,-6.29,53.83,30.11,8.07,61.79,24.30,5.78,70.01,18.09,6.68,73.64,14.39,2.73,81.98,7.47,3.46,86.53,0.27,176.24,95.36,-3.81,176.30,95.32,-3.81,177.86,93.85,-3.20,176.68,93.74,-1.72,175.85,94.16,-0.31,3.76,86.22,0.30,1.39,85.42,4.35,2.59,80.32,9.20,1.79,81.74,7.98,3.46,81.69,7.48,2.77,77.22,12.18,1.67,72.71,16.48,0.20,68.79,19.89,1.64,65.76,22.27,1.48,60.79,25.98,-0.27,57.35,28.34
-4.51,-11.87,44.29,-1.88,-2.67,44.95,-2.78,-4.64,44.87,-5.46,-8.91,44.52,-4.61,-6.52,44.72,-5.48,-6.49,44.68,-12.10,-4.75,44.25,-6.87,-10.92,44.26,-9.18,-10.50,44.13,-7.61,-8.38,44.43,-7.93,-9.17,44.35,-8.56,-11.75,44.06,-8.02,-9.03,44.35,-8.55,-4.45,44.59,-9.64,-1.93,44.58,-7.02,6.46,44.60,-7.08,17.43,43.41,-4.09,29.83,40.85,-2.80,44.92,35.24,-1.54,60.04,26.51,3.08,68.42,20.00,2.74,75.18,14.10,5.07,74.75,13.92,1.08,78.91,10.83,4.52,83.77,4.27,179.43,93.65,-3.59,178.43,97.63,-7.40,178.02,99.87,-9.53,177.16,99.22,-8.67,177.39,96.53,-5.95,178.37,95.53,-5.26,179.83,95.35,-5.33,178.32,93.47,-3.03,2.30,87.62,0.59,1.52,87.43,2.08,3.36,85.77,2.55,2.84,84.29,4.93,3.42,79.59,9.68,0.84,77.18,12.48,-1.29,75.98,13.56,-4.50,70.00,18.41
-2.31,-6.39,44.80,-4.92,-4.95,44.79,-3.79,-1.84,44.92,-4.67,0.08,44.90,-4.70,-0.53,44.90,-6.38,-2.50,44.79,-5.86,-4.44,44.76,-10.16,1.12,44.54,-4.39,-9.09,44.55,-7.39,-5.43,44.63,-7.52,-5.46,44.62,-8.33,-9.54,44.29,-8.63,-9.37,44.28,-8.13,-9.27,44.33,-8.48,-1.89,44.67,-8.41,11.74,44.07,-10.66,20.80,42.50,-1.95,31.22,40.52,-0.96,45.54,35.00,1.18,59.15,27.13,4.72,68.83,19.37,4.32,79.30,9.63,5.65,83.59,3.02,176.37,94.53,-2.70,177.42,95.11,-4.40,176.56,95.35,-4.09,176.80,94.30,-2.87,176.14,95.17,-3.42,176.73,95.71,-4.66,176.94,94.21,-2.89,176.80,93.58,-1.59,1.57,88.24,0.80,1.72,86.52,3.02,2.53,84.96,4.34,1.89,83.33,6.36,1.11,81.18,8.65,0.04,86.07,3.92,2.18,85.95,3.40,4.31,80.28,8.60,3.43,77.07,12.16,3.72,70.15,18.43
-1.18,0.33,44.99,-8.44,-2.01,44.67,-5.91,-1.79,44.83,-5.10,0.01,44.89,-5.66,0.45,44.86,-5.23,0.78,44.88,-5.01,1.46,44.88,-7.37,0.23,44.76,-7.05,-3.26,44.74,-7.22,-2.28,44.75,-7.88,-1.94,44.71,-7.72,-3.77,44.68,-7.76,-5.44,44.60,-7.18,-6.56,44.58,-6.32,-3.27,44.78,-6.01,0.81,44.84,-5.98,1.92,44.83,-3.84,9.82,44.51,-2.25,25.79,41.97,-4.48,31.93,40.20,-4.11,41.98,36.50,1.66,54.21,30.29,0.64,62.64,24.67,-0.35,71.95,17.21,2.64,80.71,8.79,2.72,87.20,0.67,178.31,92.35,-1.64,179.77,91.79,-1.77,177.54,94.56,-3.82,177.25,95.74,-5.01,178.60,96.13,-5.93,-179.21,97.04,-6.94,179.86,95.19,-5.17,179.35,90.76,-0.41,0.69,89.10,0.58,-0.08,89.12,0.87,-1.57,87.78,1.57,0.57,86.24,3.71,2.05,82.71,6.94,1.29,82.19,7.63,-0.24,82.13,7.80
-2.62,-2.88,44.93,-6.61,-6.93,44.60,-9.23,-8.44,44.31,-7.05,-2.48,44.76,-7.30,-1.88,44.75,-13.72,2.29,44.15,-7.78,-1.88,44.72,-9.68,-0.29,44.59,-5.81,-4.03,44.78,-6.85,1.13,44.79,-7.54,-0.01,44.75,-10.10,-3.65,44.49,-9.93,-5.48,44.43,-10.49,-8.05,44.22,-10.31,-8.58,44.20,-9.04,-3.03,44.60,-8.74,0.36,44.66,-8.63,8.14,44.38,-7.94,16.41,43.51,-4.50,27.34,41.50,-0.78,39.17,37.78,2.07,49.13,33.16,1.50,55.82,29.30,2.02,63.64,23.87,2.91,75.41,13.86,5.25,80.08,8.31,5.04,82.54,5.47,3.98,83.27,5.40,2.77,84.62,4.60,2.04,87.34,1.71,3.07,86.87,0.65,176.27,93.77,-0.59,177.54,92.50,-0.45,178.84,91.35,-0.69,179.28,91.95,-1.81,1.44,88.28,0.96,1.10,86.93,2.86,-0.51,86.81,3.14,0.61,88.18,1.71,0.63,86.27,3.67,2.51,85.30,3.96
0.46,-3.45,44.95,-5.65,-2.81,44.83,-4.55,-9.14,44.54,-4.81,-6.39,44.72,-5.49,-5.35,44.74,-6.54,-7.79,44.54,-7.68,-9.26,44.36,-7.65,-3.45,44.69,-8.02,-10.45,44.23,-10.80,-8.87,44.13,-9.86,-11.47,43.98,-9.81,-9.59,44.16,-9.11,-9.90,44.20,-10.06,-11.95,43.91,-10.39,-14.13,43.62,-9.96,-14.02,43.67,-10.40,-10.87,43.99,-10.38,-5.36,44.40,-10.45,2.77,44.49,-8.13,16.58,43.47,-3.01,33.73,39.69,0.10,48.16,33.70,2.53,61.81,25.19,2.34,73.14,16.02,4.32,77.65,11.32,5.74,79.48,8.68,3.96,85.66,1.77,175.81,100.12,-9.08,175.91,106.01,-14.92,174.58,105.53,-14.07,175.23,101.33,-10.09,177.74,100.33,-9.92,178.20,102.30,-11.89,178.77,98.33,-8.15,179.67,93.40,-3.38,179.91,92.44,-2.44,179.34,92.20,-2.10,1.99,87.92,0.58,2.48,85.55,3.69,2.88,80.60,8.84,0.30,75.58,13.98
-3.89,-12.14,44.28,-8.54,-9.91,44.24,-9.56,-6.00,44.44,-8.35,-4.99,44.58,-8.30,-6.12,44.53,-7.84,-6.74,44.53,-6.22,-2.58,44.80,-11.18,2.28,44.43,-5.50,-5.20,44.75,-9.12,-1.47,44.63,-8.93,-7.36,44.41,-11.09,-9.03,44.09,-10.39,-8.35,44.21,-9.34,-4.57,44.52,-9.39,1.08,44.61,-6.88,12.21,44.13,-7.36,21.94,42.57,-2.65,34.61,39.41,-1.07,49.33,33.08,1.49,60.16,26.42,1.68,71.56,17.48,5.21,77.21,11.41,6.58,80.53,6.74,4.37,85.61,0.39,174.47,99.29,-7.39,175.88,101.42,-10.46,175.51,103.78,-12.68,175.78,100.97,-9.95,175.97,98.06,-6.92,178.19,97.04,-6.76,179.71,96.33,-6.28,179.03,93.48,-3.34,177.80,92.20,-0.02,1.25,88.45,0.92,0.92,87.00,2.85,0.22,82.54,7.39,1.31,78.62,11.09,1.90,76.60,12.91,2.69,73.61,15.55,2.16,69.25,19.41,2.45,62.62,24.60
-5.79,-8.66,44.52,-7.98,-13.03,43.96,-8.45,-10.25,44.22,-6.46,-6.64,44.62,-6.06,-8.01,44.56,-8.29,-6.91,44.49,-9.69,-7.41,44.34,-6.60,-11.78,44.19,-10.42,-9.38,44.12,-8.21,-8.59,44.37,-8.96,-9.64,44.23,-9.77,-12.20,43.91,-10.42,-11.68,43.90,-10.74,-8.88,44.14,-8.77,-1.01,44.66,-7.21,11.72,44.16,-6.36,21.73,42.69,-4.08,30.55,40.64,-0.18,41.16,36.97,1.11,51.95,31.63,0.60,63.06,24.37,2.38,75.00,14.33,6.87,77.19,10.58,6.84,79.66,7.64,175.09,95.11,-1.40,175.39,100.11,-8.87,175.04,102.59,-11.32,174.52,107.16,-15.60,175.83,108.28,-16.97,177.89,106.86,-16.05,176.86,105.21,-14.39,178.16,101.56,-11.19,179.15,101.15,-10.92,178.45,100.10,-9.83,178.85,95.92,-5.78,178.98,96.16,-6.04,178.74,97.35,-7.18,174.75,95.75,-2.34,5.73,83.67,2.68,1.12,79.77,10.01,-0.76,77.80,11.91
1.00,-1.56,44.99,-1.41,0.11,44.99,-4.88,-3.54,44.84,-6.56,-6.02,44.65,-7.38,-5.39,44.63,-5.17,-6.45,44.70,-8.71,-1.71,44.65,-7.22,-10.61,44.27,-10.20,-9.92,44.10,-9.94,-7.73,44.30,-10.28,-4.56,44.44,-10.06,-8.04,44.26,-10.00,-8.08,44.27,-10.76,-4.68,44.39,-10.77,1.10,44.49,-8.58,13.41,43.87,-4.88,28.29,41.23,-1.21,41.95,36.63,1.59,51.90,31.65,2.32,55.71,29.33,0.15,63.83,23.80,4.62,78.07,10.78,8.42,81.17,2.66,174.46,96.65,-3.67,174.70,98.98,-7.17,177.47,104.46,-13.81,176.24,109.19,-17.85,176.88,110.17,-18.80,176.24,111.82,-20.09,177.66,110.94,-19.55,178.07,107.30,-16.46,178.76,104.28,-13.81,179.07,103.36,-12.98,178.46,101.88,-11.53,177.82,100.96,-10.56,178.03,100.25,-9.90,179.74,95.28,-5.25,-179.48,91.24,-1.13,178.37,92.36,-1.71,176.17,94.96,-3.14,5.79,84.19,0.47
-2.47,-0.36,44.97,-6.56,6.68,44.61,-5.59,6.00,44.70,-6.52,5.32,44.69,-6.36,4.51,44.73,-7.49,4.12,44.68,-4.67,4.93,44.80,-7.90,12.81,43.99,-5.80,1.33,44.85,-9.44,2.24,44.59,-9.23,1.92,44.61,-7.36,3.68,44.70,-8.76,5.36,44.54,-8.99,8.41,44.33,-7.28,14.37,43.84,-4.49,26.68,41.67,-0.70,39.35,37.71,-3.78,49.39,32.92,3.75,61.31,25.44,2.51,79.07,10.46,10.43,79.22,2.68,11.23,78.70,1.24,170.95,99.19,-1.55,175.98,100.30,-9.34,174.22,109.76,-17.89,175.91,111.71,-19.95,174.94,115.28,-22.67,176.96,119.24,-25.90,176.34,116.50,-23.83,178.17,107.95,-17.04,178.27,105.56,-14.93,177.72,105.63,-14.92,176.02,101.51,-10.59,177.29,100.59,-10.07,174.95,102.04,-10.71,176.46,96.88,-5.86,178.91,91.09,-0.02,4.15,80.23,8.73,6.05,75.06,13.24,5.79,72.41,15.90,2.48,67.62,20.72
-1.17,-10.95,44.47,-4.45,-5.13,44.80,-3.40,-6.89,44.74,-4.30,-8.30,44.62,-3.52,-4.98,44.84,-2.20,-4.48,44.89,-2.11,-5.32,44.86,-3.09,-5.46,44.83,-6.15,-5.53,44.70,-1.36,-12.03,44.36,-5.22,-8.53,44.56,-4.46,-8.16,44.62,-6.61,-10.52,44.32,-6.15,-15.16,43.81,-7.42,-16.81,43.49,-8.65,-12.72,43.94,-17.82,-4.17,43.51,-13.47,33.75,38.59,1.09,58.28,27.72,2.44,65.65,22.30,6.36,70.52,17.46,6.15,79.36,8.56,5.49,84.38,1.20,174.57,99.59,-7.80,174.95,105.39,-14.06,176.98,115.24,-22.94,175.60,121.92,-27.61,176.44,121.05,-27.11,176.12,116.48,-23.78,176.70,108.08,-16.96,177.56,104.59,-13.94,178.14,102.43,-12.01,175.86,98.96,-7.86,176.68,97.45,-6.61,176.16,97.45,-6.33,176.26,95.16,-3.54,3.04,84.89,4.09,4.23,73.03,15.77,3.79,71.20,17.50,7.79,68.44,18.86,6.32,63.28,23.56
-3.38,-7.59,44.70,-6.40,-5.84,44.67,-5.35,-5.17,44.76,-4.58,0.14,44.91,-5.68,-0.32,44.86,-7.14,-3.29,44.73,-5.87,-4.57,44.76,-7.57,2.00,44.73,-3.65,-4.82,44.84,-7.70,-2.70,44.71,-2.92,0.79,44.96,-2.81,2.43,44.94,-2.61,1.43,44.96,-3.53,-1.43,44.94,-4.38,-4.89,44.81,-5.29,-6.47,44.69,-5.77,-7.20,44.63,-6.55,-10.64,44.31,-8.53,-16.69,43.42,-12.11,-21.15,42.26,-15.88,-8.31,43.56,-5.29,23.95,42.28,2.00,49.97,32.71,-0.35,60.49,26.22,2.33,68.40,20.10,5.75,78.54,9.73,174.09,97.21,-4.10,175.34,103.56,-12.40,177.40,112.53,-20.83,175.15,118.29,-25.00,176.59,117.67,-24.73,174.76,116.21,-23.37,177.27,118.32,-25.27,-179.25,121.34,-27.47,-179.68,115.01,-22.91,178.56,108.99,-17.97,177.60,105.16,-14.47,179.76,104.79,-14.32,178.10,102.26,-11.85,177.67,98.60,-8.19,178.25,95.69,-5.38
-2.03,-9.47,44.59,-3.20,-5.61,44.82,-4.62,-7.03,44.69,-3.49,-5.63,44.81,-3.82,-3.33,44.89,-3.09,-3.54,44.90,-0.06,-6.11,44.84,-5.91,-1.48,44.84,-8.75,-5.29,44.54,-4.08,-11.69,44.32,-8.25,-6.56,44.51,-6.93,-7.65,44.53,-8.05,-8.93,44.36,-9.73,-6.37,44.40,-7.89,1.02,44.72,-8.72,11.72,44.05,-5.14,23.60,42.36,-3.25,39.39,37.62,0.37,58.74,27.42,3.05,78.68,10.70,10.39,79.26,2.68,177.77,94.50,-3.90,172.24,99.92,-6.12,175.66,102.57,-11.54,174.96,109.76,-18.08,176.00,113.09,-21.11,176.85,113.82,-21.80,177.87,113.46,-21.62,178.29,107.65,-16.79,179.89,101.53,-11.31,179.90,101.38,-11.16,-179.29,102.88,-12.54,178.60,99.65,-9.42,176.23,93.93,-1.09,4.08,83.64,4.85,2.54,83.24,6.22,-2.97,78.00,11.39,0.63,64.14,23.56,7.18,49.53,32.49,2.51,44.84,35.29,4.20,41.84,36.55
-4.64,-5.78,44.76,-7.39,-1.75,44.75,-7.32,1.62,44.75,-6.37,2.92,44.78,-7.31,2.19,44.74,-4.72,-2.48,44.88,-8.41,-0.04,44.69,-10.04,-4.00,44.49,-7.26,-0.07,44.77,-8.71,-1.63,44.66,-7.98,-2.85,44.69,-8.12,-3.67,44.65,-9.80,-7.66,44.31,-7.91,-8.26,44.42,-9.19,-7.84,44.35,-12.41,-5.68,44.17,-5.64,13.14,44.09,-9.08,30.25,40.34,-14.38,33.34,38.58,-22.71,48.84,28.06,5.52,59.82,26.26,-6.72,68.18,19.43,3.06,79.21,10.18,177.50,95.49,-4.86,176.78,112.23,-20.51,-178.22,120.09,-26.58,179.76,117.65,-24.89,-178.78,117.61,-24.84,178.93,115.25,-23.09,178.37,115.80,-23.47,-177.55,119.56,-26.18,-175.92,118.26,-25.09,-178.19,112.55,-20.91,178.85,108.94,-17.95,175.93,106.60,-15.47,-174.45,104.07,-12.57,-175.06,100.68,-9.32,-179.92,93.33,-3.33,5.56,83.78,2.77,3.74,76.18,12.95,-9.23,63.48,22.62
-3.98,4.86,44.83,-4.62,4.18,44.83,-3.17,6.39,44.78,-3.12,7.94,44.68,-2.54,7.81,44.70,-1.47,8.82,44.65,-0.93,7.82,44.73,-6.53,9.69,44.40,-5.80,-0.03,44.85,-7.27,2.67,44.74,-6.28,-1.69,44.81,-8.00,-4.82,44.62,-7.31,-6.87,44.56,-5.62,-7.30,44.63,-6.42,-5.16,44.70,-7.24,-2.98,44.73,-6.70,-3.40,44.75,-11.16,2.73,44.42,-8.09,20.20,42.86,-6.45,37.87,38.00,-4.26,55.27,29.46,7.78,74.63,12.83,6.65,80.98,6.04,5.27,84.62,1.07,172.23,98.85,-4.20,177.88,100.72,-10.34,177.99,110.88,-19.53,177.47,112.95,-21.18,175.76,114.02,-21.82,177.48,116.95,-24.28,179.04,118.23,-25.30,-179.99,113.54,-21.77,-179.74,108.23,-17.37,-179.87,108.52,-17.63,179.41,108.73,-17.80,177.31,106.14,-15.33,174.98,103.03,-11.74,176.19,104.86,-13.91,177.42,102.59,-12.04,175.63,94.52,-1.16,5.27,82.42,5.41
-4.37,2.36,44.89,-5.15,1.71,44.87,-5.13,5.57,44.75,-4.83,5.54,44.76,-4.16,3.77,44.86,-5.72,-1.28,44.85,-5.78,3.22,44.81,-6.88,3.21,44.75,-6.01,-2.72,44.81,-8.79,-2.96,44.62,-8.27,-2.55,44.67,-6.47,1.88,44.80,-6.47,4.99,44.71,-5.98,9.92,44.41,-2.60,17.52,43.61,-1.33,26.04,41.93,0.64,37.26,38.51,-1.25,42.54,36.37,0.53,54.07,30.40,2.35,71.84,17.17,12.15,73.83,10.34,5.55,81.45,6.44,3.48,86.33,1.16,174.15,97.60,-4.81,178.02,108.44,-17.45,176.28,115.28,-22.88,-178.98,118.74,-25.67,176.25,121.14,-27.16,176.95,119.61,-26.16,178.87,117.24,-24.57,-179.31,115.50,-23.29,179.01,115.67,-23.40,177.78,114.11,-22.13,175.85,112.10,-20.26,178.42,110.95,-19.62,179.10,110.12,-18.97,177.95,107.12,-16.29,173.03,100.44,-7.66,171.83,98.31,-1.50,179.91,90.46,-0.45,-1.11,88.19,1.43
-1.11,-13.18,44.23,-2.92,-6.14,44.80,-2.45,-5.29,44.85,-3.53,-6.71,44.75,-3.07,-7.04,44.74,-3.39,-7.69,44.69,-5.41,-11.17,44.32,-6.94,-11.30,44.22,-4.59,-12.13,44.26,-5.79,-6.74,44.65,-5.34,-2.73,44.84,-5.62,-0.99,44.86,-3.88,-3.07,44.89,-10.67,8.08,44.20,-9.04,30.72,40.20,0.46,52.36,31.41,6.69,60.91,25.27,6.02,69.60,18.39,9.44,77.89,7.46,175.06,95.14,-1.42,169.97,106.96,-13.17,171.27,118.31,-24.20,174.00,121.59,-27.17,174.92,118.13,-24.85,175.01,112.64,-20.56,175.09,110.76,-18.98,175.06,111.98,-20.02,176.19,111.20,-19.57,175.29,107.45,-16.09,174.52,104.21,-12.74,173.17,101.04,-8.53,173.52,97.54,-3.84,174.03,96.03,-0.85,1.66,84.19,5.54,10.49,70.03,16.12,8.12,65.43,21.35,9.50,61.96,23.76,8.75,60.10,25.39,4.03,51.02,32.01,6.28,37.27,38.25,-0.88,20.97,43.03
-5.37,-1.73,44.86,-6.81,-5.83,44.65,-7.79,-1.22,44.73,-6.42,2.86,44.78,-6.23,1.01,44.83,-5.92,1.28,44.84,-4.46,2.15,44.89,-7.23,1.87,44.76,-7.83,-1.43,44.72,-7.47,0.01,44.76,-9.96,-2.44,44.54,-9.17,-2.69,44.60,-8.64,-0.82,44.67,-7.39,1.20,44.75,-6.70,1.54,44.79,-10.78,7.64,44.22,-4.55,25.60,41.93,-3.65,41.73,36.64,-7.61,58.69,26.68,-6.41,76.44,11.65,14.14,72.15,10.49,6.17,83.07,3.13,172.99,97.41,-2.41,172.92,102.41,-9.98,172.41,107.85,-15.46,172.20,112.82,-19.97,173.90,116.03,-23.07,173.30,117.10,-23.76,173.56,115.26,-22.38,173.31,111.31,-19.00,174.67,111.03,-19.11,172.50,113.31,-20.48,173.03,108.89,-16.71,172.59,104.17,-11.76,172.85,102.27,-9.77,176.47,97.62,-6.70,174.13,96.25,-2.15,5.86,84.11,0.61,5.45,83.87,2.79,5.50,80.74,7.37,11.93,67.96,17.39
0.31,-3.27,44.95,-2.33,0.28,44.98,-0.50,3.82,44.94,-1.22,6.06,44.83,-0.30,5.07,44.89,0.54,3.22,44.95,-4.36,7.93,44.64,-2.02,-2.80,44.95,0.19,-3.45,44.95,-2.76,3.59,44.91,-1.53,3.52,44.94,-2.53,4.89,44.87,-0.03,4.44,44.91,1.44,4.76,44.89,0.87,-1.20,44.99,-2.30,-8.52,44.66,-11.29,-14.01,43.54,-5.50,-23.97,42.26,-10.45,-35.62,38.39,-15.80,-53.94,27.56,-13.10,-71.79,12.14,-15.15,-74.38,3.71,-14.56,-75.24,2.35,-15.68,-73.91,3.54,-14.52,-74.47,5.35,-16.43,-71.93,7.25,-16.30,-71.34,8.73,-17.54,-69.61,9.91,-16.58,-71.18,8.55,-17.70,-69.35,10.12,-18.13,-69.20,9.69,-17.58,-71.66,5.02,-15.57,-70.64,11.01,-16.76,-64.80,17.39,-14.19,-64.99,19.01,-9.00,-60.61,24.95,-9.63,-45.13,34.42,-8.76,-23.75,42.07,-10.67,-16.86,43.20,-7.95,-14.32,43.80,-0.90,-9.09,44.63
3.15,6.35,44.78,1.62,11.43,44.41,2.11,12.93,44.24,4.05,15.26,43.90,6.20,14.71,43.87,3.16,11.87,44.34,1.78,14.71,44.03,1.01,16.54,43.78,6.87,13.63,43.96,2.76,15.81,43.86,1.91,17.58,43.61,1.85,19.68,43.26,4.96,20.54,43.00,5.87,21.77,42.71,4.18,19.58,43.21,3.53,15.13,43.93,2.43,8.30,44.67,0.00,1.85,44.98,-2.75,-1.74,44.95,-10.31,-12.01,43.88,-14.42,-31.68,39.14,-16.53,-50.14,29.87,-16.85,-68.28,12.95,-18.62,-71.37,0.70,-19.75,-69.88,3.71,-22.44,-65.64,8.87,-22.85,-66.10,6.61,-22.42,-66.77,5.73,-23.41,-64.85,8.57,-23.67,-63.44,11.14,-23.36,-63.18,12.14,-22.82,-62.69,13.77,-22.09,-61.73,16.07,-21.71,-58.20,20.57,-21.27,-57.77,21.35,-20.64,-57.64,21.94,-20.95,-56.00,23.27,-20.70,-54.46,24.77,-18.72,-54.95,25.46,-18.04,-56.49,24.56,-17.55,-55.81,25.38
3.76,29.36,40.99,6.88,42.06,36.23,6.26,42.73,36.00,6.05,42.90,35.94,7.46,43.24,35.64,8.45,45.51,34.42,9.91,45.05,34.42,7.21,47.11,33.78,11.02,40.68,36.28,5.92,40.36,37.05,2.99,36.50,38.73,2.95,29.80,40.90,1.69,24.32,42.33,2.61,20.34,43.12,1.55,16.53,43.78,-1.60,8.86,44.64,-5.25,-4.30,44.80,-12.26,-26.89,40.90,-18.94,-55.98,24.50,-18.90,-69.84,6.73,-20.30,-69.45,3.01,-19.78,-68.22,8.65,-22.60,-63.41,12.92,-21.92,-63.29,14.06,-22.68,-62.38,14.44,-21.92,-60.48,17.83,-22.66,-57.76,20.25,-21.95,-57.34,21.27,-22.19,-56.74,21.69,-21.14,-54.48,24.49,-19.50,-54.48,25.44,-19.07,-54.57,25.59,-18.10,-53.33,27.02,-17.93,-45.92,31.96,-16.41,-37.16,36.70,-14.38,-36.30,37.48,-13.66,-36.61,37.50,-12.89,-35.14,38.19,-11.45,-25.81,41.29,-11.75,-20.16,42.50,-8.64,-15.21,43.63
9.20,38.82,37.33,4.76,44.05,35.52,5.23,42.03,36.40,6.45,43.87,35.45,5.90,43.93,35.48,6.29,42.69,36.01,4.88,43.28,35.87,9.68,43.15,35.37,7.09,48.51,33.06,8.13,45.86,34.29,8.20,44.42,34.99,4.92,43.79,35.63,5.02,42.02,36.42,5.22,39.99,37.26,6.02,37.89,38.03,4.03,33.43,39.75,1.22,24.46,42.30,-2.18,15.31,43.94,-2.63,10.26,44.51,-4.63,0.16,44.91,-8.18,-15.78,43.58,-11.06,-41.47,35.92,-8.98,-65.50,21.01,-166.00,-104.11,-1.71,-164.64,-106.72,-6.40,-18.46,-71.51,0.97,-18.43,-69.51,8.55,-18.01,-68.95,10.36,-19.46,-65.62,13.69,-19.42,-65.29,14.21,-18.29,-65.69,14.91,-17.89,-63.95,17.43,-17.21,-62.31,19.71,-16.05,-62.03,20.75,-17.21,-60.51,21.48,-16.29,-59.03,23.33,-17.02,-61.33,20.81,-13.64,-57.28,25.94,-16.08,-50.87,29.55,-15.46,-48.22,31.41,-11.72,-45.99,33.60
5.79,27.22,41.46,5.45,36.12,38.74,3.47,36.36,38.77,3.15,33.86,39.64,4.01,35.88,38.91,4.84,38.22,38.00,4.83,40.41,37.12,1.01,42.00,36.61,8.07,37.08,38.14,4.84,37.96,38.09,4.83,36.33,38.70,3.99,33.28,39.80,3.08,30.47,40.70,2.55,26.50,41.79,0.39,20.50,43.13,0.16,17.07,43.71,-0.92,15.10,43.99,-0.79,11.00,44.47,-3.17,4.95,44.85,-8.18,-5.41,44.58,-11.55,-18.47,42.83,-15.44,-36.24,37.28,-18.58,-60.02,21.06,-15.78,-72.38,7.58,-19.81,-69.95,2.96,-19.22,-70.33,3.99,-21.46,-66.80,8.31,-22.37,-63.04,13.85,-23.56,-58.61,18.46,-22.05,-57.30,21.23,-22.13,-57.38,21.09,-21.00,-57.32,21.99,-22.33,-56.81,21.51,-20.84,-56.86,22.54,-19.88,-57.21,22.86,-19.88,-54.86,24.91,-18.80,-53.25,26.75,-19.15,-52.31,27.29,-18.94,-52.83,27.00,-16.85,-45.45,32.57,-15.21,-36.64,37.17
1.68,20.19,43.17,2.82,22.69,42.65,3.64,27.25,41.56,1.45,27.13,41.66,2.46,28.10,41.38,0.52,30.53,40.74,5.51,27.40,41.43,3.53,28.37,41.27,2.03,28.29,41.34,2.11,25.62,42.02,1.20,28.88,41.20,2.78,30.73,40.64,2.65,31.47,40.42,1.08,28.97,41.18,2.09,27.59,41.52,2.02,26.63,41.77,1.96,25.43,42.06,-0.16,21.49,42.94,-0.77,18.15,43.54,-0.92,16.39,43.81,0.03,13.35,44.22,-1.98,6.20,44.81,-7.62,-6.66,44.55,-7.22,-14.56,43.82,-11.79,-22.77,41.96,-12.53,-34.79,38.38,-16.40,-43.46,33.77,-15.93,-47.69,31.57,-16.34,-49.12,30.58,-15.68,-51.43,29.33,-17.95,-54.00,26.59,-18.97,-54.20,25.93,-18.66,-52.32,27.51,-20.02,-52.13,27.00,-19.45,-54.86,25.15,-19.89,-56.06,23.88,-21.03,-56.74,22.53,-20.20,-55.28,24.37,-20.99,-53.72,25.22,-19.30,-54.71,25.35,-20.28,-55.39,24.23
5.40,27.90,41.31,5.20,36.89,38.47,2.65,34.82,39.34,2.82,33.05,39.92,3.09,35.01,39.26,3.75,34.61,39.37,4.83,33.06,39.82,3.62,34.40,39.44,2.65,34.36,39.50,2.42,29.97,40.87,2.96,31.39,40.43,2.66,33.04,39.93,3.17,31.86,40.28,3.19,29.93,40.85,3.10,29.59,40.95,0.96,26.76,41.76,0.17,21.59,42.92,-0.56,16.64,43.77,-1.65,12.78,44.27,-4.36,8.68,44.58,-5.58,1.95,44.85,-12.15,-19.14,42.64,-11.74,-40.27,36.33,-15.03,-57.65,25.08,-12.27,-69.04,16.06,-15.51,-69.89,12.20,-18.54,-65.70,14.64,-17.94,-62.00,19.51,-17.76,-58.46,23.02,-18.61,-56.80,23.99,-18.02,-55.27,25.57,-17.40,-53.02,27.56,-18.54,-53.92,26.37,-17.02,-56.85,24.79,-16.25,-52.17,28.62,-14.72,-49.76,30.71,-14.80,-51.46,29.61,-13.03,-51.56,30.09,-13.51,-37.78,37.05,-12.68,-36.40,37.75,-10.78,-42.82,35.35
2.50,19.09,43.35,3.93,26.72,41.69,4.20,31.04,40.49,4.91,32.79,39.91,4.17,31.18,40.45,3.10,28.62,41.22,3.17,28.41,41.28,5.63,31.53,40.25,5.34,34.23,39.40,5.61,30.67,40.52,2.79,28.63,41.23,4.10,28.47,41.22,3.73,27.51,41.49,1.44,20.19,43.17,1.26,13.06,44.24,-0.75,8.21,44.70,-2.02,1.70,44.97,-4.88,-4.16,44.82,-7.51,-13.72,43.91,-8.06,-22.24,42.46,-9.89,-30.79,40.09,-14.09,-48.43,31.68,-15.11,-63.53,19.88,-15.31,-69.95,12.32,-16.73,-68.70,12.48,-17.35,-64.29,17.49,-18.18,-62.31,19.00,-17.82,-61.80,19.80,-18.19,-61.14,20.20,-18.10,-59.70,21.68,-17.44,-58.21,23.42,-18.08,-56.80,24.28,-18.35,-58.71,22.44,-17.31,-58.63,23.13,-16.48,-53.37,27.70,-15.81,-51.61,29.16,-14.02,-53.70,28.37,-12.28,-46.12,33.41,-12.66,-34.89,38.32,-12.21,-35.10,38.32,-9.79,-38.65,37.32
4.73,31.77,40.24,5.60,35.57,38.92,3.02,34.02,39.60,3.21,32.93,39.95,3.86,32.87,39.93,3.38,30.85,40.58,5.01,28.50,41.17,6.71,31.87,40.07,7.38,32.16,39.92,3.48,31.38,40.42,3.79,31.50,40.37,2.51,30.00,40.86,2.88,24.08,42.35,2.20,13.58,44.17,-0.13,4.30,44.92,-2.20,-0.29,44.98,-5.46,-12.57,44.17,-3.89,-21.12,42.93,-3.84,-32.12,40.17,-6.70,-49.39,32.63,-9.83,-68.41,18.05,-8.22,-76.92,9.94,-12.27,-72.10,12.53,-14.70,-67.00,16.55,-15.22,-64.14,19.20,-13.60,-67.11,17.22,-15.88,-66.26,16.45,-15.46,-67.93,14.83,-13.56,-68.26,16.00,-12.10,-69.09,16.11,-15.30,-65.03,18.24,-13.14,-64.62,19.96,-13.84,-62.05,21.95,-11.66,-62.64,22.43,-12.34,-61.38,23.20,-11.41,-59.13,25.33,-12.50,-62.07,22.56,-9.59,-60.21,25.08,-11.15,-53.49,29.36,-9.88,-49.80,31.89,-10.52,-50.38,31.43
6.49,19.27,43.14,3.91,24.27,42.27,2.16,25.00,42.16,3.57,26.61,41.73,6.19,27.35,41.40,6.05,25.47,41.88,10.44,20.30,42.62,4.01,27.28,41.54,3.18,26.43,41.79,7.68,26.02,41.63,3.58,29.92,40.84,4.01,27.04,41.60,2.73,23.64,42.45,4.33,20.89,42.96,1.60,16.27,43.82,-0.27,11.08,44.46,-1.62,5.57,44.85,-0.95,3.41,44.95,-1.89,-4.50,44.90,-9.60,-23.99,41.93,-13.25,-40.72,35.85,-14.87,-49.45,30.85,-9.19,-54.81,28.97,-10.81,-56.34,27.55,-10.54,-61.56,23.73,-9.67,-65.12,21.10,-10.87,-67.24,18.66,-13.04,-67.60,17.07,-13.39,-68.53,15.82,-16.74,-65.97,16.05,-16.04,-66.17,16.42,-16.27,-66.83,15.44,-16.17,-66.80,15.57,-15.76,-67.33,15.29,-16.58,-66.26,15.85,-15.09,-65.41,17.98,-16.61,-63.59,18.82,-14.42,-63.46,20.36,-12.91,-62.96,21.60,-15.10,-62.29,21.06,-13.02,-65.39,19.30
4.59,21.58,42.81,6.06,24.86,42.02,7.65,25.32,41.80,5.92,23.94,42.24,4.27,23.10,42.52,4.11,22.89,42.57,5.31,21.56,42.78,5.01,21.84,42.74,3.87,22.75,42.61,3.51,19.40,43.27,2.22,19.62,43.26,3.92,19.06,43.31,3.33,18.08,43.50,0.94,13.94,44.14,0.97,9.49,44.60,-0.01,5.38,44.87,-0.52,2.71,44.97,-1.38,-1.13,44.99,-3.95,-7.13,44.71,-4.67,-16.66,43.67,-7.01,-23.03,42.37,-11.46,-33.41,39.04,-12.27,-47.15,32.87,-17.40,-62.54,19.34,-16.31,-73.51,2.34,-165.96,-104.48,-3.45,-18.75,-71.02,2.83,-20.70,-64.96,13.10,-20.12,-63.15,16.31,-18.90,-66.33,13.34,-17.56,-67.70,12.96,-17.56,-67.01,13.93,-18.01,-65.26,15.76,-16.84,-64.93,17.18,-17.64,-62.33,19.38,-16.69,-61.08,21.26,-16.15,-59.80,22.73,-16.83,-58.01,23.92,-16.74,-57.01,24.80,-15.39,-62.68,20.52,-16.60,-63.52,18.90
0.50,9.45,44.61,2.02,17.71,43.59,3.85,25.68,41.95,5.56,30.41,40.60,7.17,34.50,39.17,8.22,36.60,38.31,7.28,33.90,39.36,6.05,32.68,39.86,4.69,30.50,40.62,3.91,25.36,42.02,1.35,23.01,42.62,0.98,21.73,42.88,0.97,21.80,42.87,2.36,20.69,43.06,2.60,19.84,43.21,3.67,19.84,43.18,1.83,17.94,43.56,1.29,12.67,44.29,0.23,3.74,44.94,-0.51,-3.41,44.95,-3.17,-8.52,44.64,-7.21,-18.54,43.22,-7.19,-29.59,40.71,-5.12,-34.69,39.26,-13.43,-48.93,31.57,-14.16,-64.74,19.28,-12.84,-72.54,11.40,-14.44,-72.27,9.91,-16.44,-68.55,13.04,-16.49,-66.84,15.23,-16.54,-66.69,15.36,-16.74,-67.14,14.62,-15.97,-66.74,15.81,-15.90,-65.59,17.19,-15.99,-64.30,18.51,-15.35,-64.70,18.55,-14.24,-63.19,20.71,-15.64,-62.73,20.33,-13.63,-60.27,23.58,-14.19,-60.03,23.52,-13.72,-61.92,22.13
3.14,15.89,43.84,5.05,18.26,43.40,4.68,17.10,43.60,1.28,12.97,44.25,0.26,13.56,44.19,2.03,11.94,44.35,2.25,9.81,44.56,2.86,9.16,44.60,-1.25,10.65,44.50,1.21,6.00,44.84,-1.57,7.13,44.77,0.77,9.28,44.62,0.91,11.75,44.39,0.98,11.51,44.41,1.74,8.50,44.67,0.01,7.46,44.76,-1.93,3.72,44.92,-3.76,-4.59,44.85,-4.22,-9.56,44.52,-5.76,-17.75,43.44,-7.03,-23.38,42.29,-10.87,-30.45,40.07,-11.61,-36.65,37.83,-14.44,-49.49,30.96,-14.86,-64.68,18.90,-15.92,-72.68,6.59,-17.70,-71.94,3.47,-17.02,-71.84,6.10,-18.78,-69.36,8.17,-17.90,-69.06,10.34,-19.83,-66.59,11.68,-18.74,-66.58,13.17,-19.34,-65.41,14.14,-20.01,-64.55,14.56,-18.93,-64.12,16.28,-20.43,-60.72,18.91,-19.86,-60.43,19.70,-19.18,-63.23,17.12,-20.69,-60.08,19.40,-19.05,-58.94,21.78,-17.64,-63.53,18.10
1.93,8.67,44.65,1.76,11.52,44.40,2.74,13.52,44.16,2.18,13.60,44.16,1.09,13.01,44.25,0.76,11.89,44.38,2.96,12.71,44.25,1.70,6.70,44.79,2.59,3.22,44.93,-2.08,3.70,44.92,-1.50,2.84,44.96,-2.40,0.32,44.97,-1.69,-4.58,44.90,-4.34,-14.50,43.99,-6.01,-26.52,41.63,-12.61,-45.01,33.92,-13.32,-66.02,18.51,-14.72,-73.90,6.34,-163.24,-106.80,-1.17,-162.33,-107.70,-0.96,-18.86,-71.10,1.16,-19.89,-69.83,3.19,-19.51,-69.87,4.75,-18.60,-68.55,10.13,-19.42,-68.29,9.21,-18.44,-68.36,10.74,-19.93,-66.15,12.27,-19.60,-64.14,15.57,-18.62,-63.65,17.13,-18.13,-64.50,16.57,-17.46,-64.36,17.32,-17.59,-61.81,19.95,-17.96,-60.11,21.37,-16.31,-64.21,18.38,-15.17,-69.28,13.39,-14.65,-65.62,18.07,-15.57,-54.26,27.42,-13.55,-46.53,32.90,-14.31,-41.04,35.47,-13.45,-37.82,37.05,-11.96,-27.85,40.68
1.07,10.30,44.53,2.03,13.76,44.15,1.27,14.53,44.06,0.00,14.16,44.12,1.13,14.67,44.04,2.30,15.03,43.98,2.75,15.88,43.85,1.35,15.41,43.94,-0.19,14.56,44.07,1.65,14.55,44.05,-0.95,15.31,43.96,1.31,15.40,43.94,1.38,17.34,43.66,-0.68,13.84,44.15,-1.36,11.12,44.45,-0.98,9.51,44.60,-2.88,4.92,44.86,-14.04,-8.79,43.77,-22.97,-43.36,31.53,-17.37,-68.85,11.45,-18.02,-71.98,0.16,-159.49,-110.68,-2.57,-161.14,-108.86,-0.20,-20.09,-69.64,3.13,-21.71,-67.88,4.03,-21.71,-67.72,4.74,-22.85,-66.50,5.19,-21.17,-66.99,8.51,-22.49,-64.36,11.44,-22.56,-63.93,12.10,-20.07,-66.62,11.27,-21.70,-64.68,12.13,-21.45,-63.26,14.70,-22.24,-62.22,15.23,-21.41,-62.15,16.25,-21.29,-60.42,18.49,-21.46,-60.08,18.73,-19.31,-62.06,18.36,-19.88,-62.62,17.20,-19.92,-62.54,17.26,-19.57,-64.32,15.37
2.82,7.34,44.73,0.77,9.75,44.58,-0.29,10.96,44.47,-0.14,10.81,44.49,0.64,10.17,44.54,0.65,12.28,44.33,2.13,13.12,44.22,1.42,12.76,44.27,0.76,14.28,44.10,0.56,8.26,44.70,-0.08,9.70,44.59,-0.37,10.26,44.54,0.45,11.61,44.41,1.48,13.42,44.20,0.45,12.74,44.29,-0.87,9.45,44.61,-0.80,5.16,44.88,-1.14,1.65,44.98,-3.34,-2.96,44.91,-10.38,-12.28,43.84,-12.59,-23.49,41.70,-11.13,-31.13,39.83,-15.03,-45.52,33.06,-19.35,-53.42,26.35,-20.24,-62.36,17.17,-17.67,-68.61,11.43,-18.75,-68.68,9.64,-20.53,-67.47,8.76,-21.81,-65.46,10.51,-21.54,-64.65,12.42,-21.25,-63.58,14.47,-21.54,-63.62,14.06,-21.49,-65.10,11.72,-21.98,-64.48,12.03,-20.90,-66.19,10.69,-22.29,-63.79,12.75,-21.36,-63.84,13.95,-21.33,-63.82,14.02,-21.62,-61.34,17.06,-19.88,-62.89,16.88,-20.29,-63.54,15.63
2.37,6.27,44.80,-1.30,12.24,44.33,-0.10,12.06,44.36,1.24,15.48,43.94,3.11,16.30,43.78,3.41,16.04,43.81,3.18,16.36,43.77,2.07,17.45,43.63,1.49,14.63,44.05,1.49,13.21,44.22,-0.89,11.97,44.37,0.16,10.54,44.51,-0.04,10.85,44.48,0.99,10.54,44.51,-0.59,8.42,44.69,-0.97,6.41,44.82,-1.42,3.56,44.94,-1.31,0.64,44.99,-1.93,-0.98,44.98,-2.44,-4.18,44.90,-5.16,-10.21,44.42,-7.99,-12.43,44.03,-9.36,-14.43,43.67,-15.65,-27.30,40.25,-15.36,-58.68,24.10,-14.22,-74.97,4.76,-16.54,-72.87,4.34,-18.88,-68.40,9.95,-18.54,-67.93,11.32,-17.60,-68.57,11.59,-19.56,-67.56,10.39,-20.06,-67.17,10.28,-19.98,-67.19,10.38,-20.64,-65.69,12.01,-20.05,-65.00,13.88,-20.52,-63.37,15.60,-19.80,-63.85,15.74,-19.09,-63.21,17.22,-18.50,-61.01,20.12,-18.36,-59.67,21.53,-17.75,-63.34,18.22
1.88,4.76,44.89,2.54,9.28,44.59,0.72,8.56,44.68,-0.05,9.37,44.62,1.24,10.06,44.55,1.28,10.09,44.55,1.68,10.68,44.49,1.75,11.49,44.41,-0.31,12.70,44.29,2.96,11.98,44.33,0.40,12.54,44.31,1.99,14.35,44.07,-0.19,13.89,44.15,-1.12,9.45,44.60,-1.33,7.01,44.78,-1.79,4.64,44.89,-3.21,-0.72,44.95,-8.83,-11.61,44.05,-13.91,-23.99,41.39,-21.63,-41.59,33.05,-23.03,-61.03,15.94,-19.62,-70.15,2.91,-159.61,-110.94,-4.56,-162.13,-108.55,-4.82,-18.90,-71.09,0.56,-20.64,-68.90,4.19,-20.79,-67.94,7.01,-20.77,-67.06,9.21,-20.38,-65.59,12.54,-20.16,-65.95,12.27,-19.08,-67.64,11.01,-19.32,-66.94,11.84,-20.43,-65.23,13.05,-19.48,-66.07,13.01,-19.25,-66.64,12.41,-20.35,-60.47,19.25,-19.98,-54.30,25.32,-18.51,-48.63,30.10,-15.44,-46.32,32.51,-13.96,-44.86,33.68,-13.68,-38.74,36.62
1.33,7.68,44.73,0.54,9.53,44.60,0.48,11.36,44.43,1.42,10.25,44.53,0.46,9.83,44.58,0.86,11.57,44.41,1.38,13.76,44.16,2.65,13.13,44.21,0.86,10.53,44.51,-0.88,9.82,44.57,0.09,8.75,44.66,-1.07,8.33,44.69,-0.15,8.55,44.68,-2.04,2.87,44.95,-3.24,-0.34,44.95,-4.99,-3.61,44.83,-5.14,-9.54,44.48,-12.53,-24.46,41.48,-12.83,-41.95,35.36,-15.66,-58.26,24.30,-14.43,-70.03,13.15,-18.67,-70.59,5.11,-18.94,-70.86,2.70,-18.67,-70.84,4.16,-18.99,-68.63,9.33,-20.19,-67.52,9.34,-20.09,-67.53,9.53,-20.15,-66.35,11.62,-19.17,-65.80,13.79,-18.43,-64.99,15.68,-17.08,-66.02,15.68,-17.32,-64.78,16.95,-18.23,-62.56,18.70,-17.35,-63.42,18.45,-18.67,-64.02,16.64,-18.08,-61.46,19.97,-17.70,-57.63,23.78,-17.42,-57.62,23.94,-17.18,-55.53,25.77,-16.46,-51.90,28.73,-15.06,-47.35,32.04
-0.48,5.49,44.87,-0.11,8.89,44.65,0.13,12.07,44.36,0.25,11.84,44.38,0.73,9.69,44.59,0.19,8.89,44.65,0.37,8.99,44.65,0.58,10.26,44.54,-3.88,11.17,44.38,2.52,6.04,44.81,0.14,9.50,44.60,0.52,12.85,44.27,1.34,14.99,44.00,0.65,13.16,44.24,1.29,12.39,44.32,-2.05,9.19,44.61,-1.60,8.63,44.66,-3.59,5.09,44.83,-5.11,-2.61,44.86,-11.23,-16.22,43.24,-15.62,-35.21,37.64,-20.97,-52.87,25.92,-22.17,-64.62,11.49,-19.80,-69.84,3.65,-22.59,-67.10,3.55,-22.08,-67.30,4.99,-24.22,-64.72,6.79,-24.39,-63.09,10.50,-24.21,-62.05,12.79,-22.69,-63.61,12.45,-21.23,-64.19,13.59,-20.69,-63.88,14.72,-20.74,-63.08,15.75,-18.86,-62.52,18.23,-20.56,-59.72,19.89,-19.70,-58.25,22.00,-20.81,-57.07,22.36,-19.75,-58.11,22.10,-19.36,-61.62,18.81,-20.03,-63.50,15.96,-18.81,-63.08,17.63
